Workbook

Sheet Non-road summary
A1: Metadata
A2: GAINS IAM Model Release 4.0.3 (October 2023) (Greenhouse Gas - Air Pollution Interactions and Synergies)
A3: https://gains.iiasa.ac.at/models/gains_models4.html
A4: Data downloaded 10/14/24
A5: User jm110
A6: Scenario: ECLIPSE_V6b_CLE_base
A7: Region: All EMF Regions
A9: GWP values from AR5 WG1 Chapter 8 Supplemental (8SM) Table 8.SM.17
A10: Pollutant | B10: GWP20 | C10: GWP100
A11: BC | B11: 2421.1 | C11: 658.6
A12: CH4 | B12: 83.9 | C12: 28.5
A14: Definition of GAINS non-road sub-sectors
A15: Sub-sector | B15: Definition
A16: TRA_OT_CNS | B16: Mobile machines in construction and industry
A17: TRA_OT_AGR | B17: Tractors and mobile machines in agriculture and forestry
A18: TRA_OT_RAI | B18: Railways
A19: TRA_OT_SHIP_NAT | B19: Movement of ships between ports in the same country and fishing vessels
A20: TRA_OT_OTHER | B20: Vehicles and small machines with 2-stroke engines; civil aviation for domestic flights; and other non-road sources with 4-stroke engines, including household, forestry, military vehicles, motorboats, and gas by pipeline compressors
A22: CO2 emissions from non-road transport (Mt CO2) | P22: https://gains.iiasa.ac.at/gains/download/GAINS-tutorial.pdf
B23: 1990 | C23: 1995 | D23: 2000 | E23: 2005 | F23: 2010 | G23: 2015 | H23: 2020 | I23: 2025 | J23: 2030 | K23: 2035 | L23: 2040 | M23: 2045 | N23: 2050
A24: TRA_OT_CNS | B24: =SUMIF('Non-road CO2'!$B:$B,'Non-road summary'!$A24,'Non-road CO2'!C:C) -> 122 | C24: =SUMIF('Non-road CO2'!$B:$B,'Non-road summary'!$A24,'Non-road CO2'!D:D) -> 100.99 | D24: =SUMIF('Non-road CO2'!$B:$B,'Non-road summary'!$A24,'Non-road CO2'!E:E) -> 110.09 | E24: =SUMIF('Non-road CO2'!$B:$B,'Non-road summary'!$A24,'Non-road CO2'!F:F) -> 116 | F24: =SUMIF('Non-road CO2'!$B:$B,'Non-road summary'!$A24,'Non-road CO2'!G:G) -> 119.42 | G24: =SUMIF('Non-road CO2'!$B:$B,'Non-road summary'!$A24,'Non-road CO2'!H:H) -> 135.7 | H24: =SUMIF('Non-road CO2'!$B:$B,'Non-road summary'!$A24,'Non-road CO2'!I:I) -> 259.09 | I24: =SUMIF('Non-road CO2'!$B:$B,'Non-road summary'!$A24,'Non-road CO2'!J:J) -> 264.83 | J24: =SUMIF('Non-road CO2'!$B:$B,'Non-road summary'!$A24,'Non-road CO2'!K:K) -> 258.71 | K24: =SUMIF('Non-road CO2'!$B:$B,'Non-road summary'!$A24,'Non-road CO2'!L:L) -> 273.47 | L24: =SUMIF('Non-road CO2'!$B:$B,'Non-road summary'!$A24,'Non-road CO2'!M:M) -> 287.07 | M24: =SUMIF('Non-road CO2'!$B:$B,'Non-road summary'!$A24,'Non-road CO2'!N:N) -> 284.86 | N24: =SUMIF('Non-road CO2'!$B:$B,'Non-road summary'!$A24,'Non-road CO2'!O:O) -> 279.65
A25: TRA_OT_AGR | B25: =SUMIF('Non-road CO2'!$B:$B,'Non-road summary'!$A25,'Non-road CO2'!C:C) -> 218.22 | C25: =SUMIF('Non-road CO2'!$B:$B,'Non-road summary'!$A25,'Non-road CO2'!D:D) -> 227.75 | D25: =SUMIF('Non-road CO2'!$B:$B,'Non-road summary'!$A25,'Non-road CO2'!E:E) -> 201.59 | E25: =SUMIF('Non-road CO2'!$B:$B,'Non-road summary'!$A25,'Non-road CO2'!F:F) -> 227.26 | F25: =SUMIF('Non-road CO2'!$B:$B,'Non-road summary'!$A25,'Non-road CO2'!G:G) -> 227.06 | G25: =SUMIF('Non-road CO2'!$B:$B,'Non-road summary'!$A25,'Non-road CO2'!H:H) -> 222.61 | H25: =SUMIF('Non-road CO2'!$B:$B,'Non-road summary'!$A25,'Non-road CO2'!I:I) -> 244.1 | I25: =SUMIF('Non-road CO2'!$B:$B,'Non-road summary'!$A25,'Non-road CO2'!J:J) -> 245.81 | J25: =SUMIF('Non-road CO2'!$B:$B,'Non-road summary'!$A25,'Non-road CO2'!K:K) -> 241.81 | K25: =SUMIF('Non-road CO2'!$B:$B,'Non-road summary'!$A25,'Non-road CO2'!L:L) -> 236.74 | L25: =SUMIF('Non-road CO2'!$B:$B,'Non-road summary'!$A25,'Non-road CO2'!M:M) -> 232.24 | M25: =SUMIF('Non-road CO2'!$B:$B,'Non-road summary'!$A25,'Non-road CO2'!N:N) -> 229.91 | N25: =SUMIF('Non-road CO2'!$B:$B,'Non-road summary'!$A25,'Non-road CO2'!O:O) -> 221.23
A26: TRA_OT_RAI | B26: =SUMIF('Non-road CO2'!$B:$B,'Non-road summary'!$A26,'Non-road CO2'!C:C) -> 92.03 | C26: =SUMIF('Non-road CO2'!$B:$B,'Non-road summary'!$A26,'Non-road CO2'!D:D) -> 74.01 | D26: =SUMIF('Non-road CO2'!$B:$B,'Non-road summary'!$A26,'Non-road CO2'!E:E) -> 82.09 | E26: =SUMIF('Non-road CO2'!$B:$B,'Non-road summary'!$A26,'Non-road CO2'!F:F) -> 98.26 | F26: =SUMIF('Non-road CO2'!$B:$B,'Non-road summary'!$A26,'Non-road CO2'!G:G) -> 82.94 | G26: =SUMIF('Non-road CO2'!$B:$B,'Non-road summary'!$A26,'Non-road CO2'!H:H) -> 90.4 | H26: =SUMIF('Non-road CO2'!$B:$B,'Non-road summary'!$A26,'Non-road CO2'!I:I) -> 82.05 | I26: =SUMIF('Non-road CO2'!$B:$B,'Non-road summary'!$A26,'Non-road CO2'!J:J) -> 77.59 | J26: =SUMIF('Non-road CO2'!$B:$B,'Non-road summary'!$A26,'Non-road CO2'!K:K) -> 73.8 | K26: =SUMIF('Non-road CO2'!$B:$B,'Non-road summary'!$A26,'Non-road CO2'!L:L) -> 70.4 | L26: =SUMIF('Non-road CO2'!$B:$B,'Non-road summary'!$A26,'Non-road CO2'!M:M) -> 66.31 | M26: =SUMIF('Non-road CO2'!$B:$B,'Non-road summary'!$A26,'Non-road CO2'!N:N) -> 61.24 | N26: =SUMIF('Non-road CO2'!$B:$B,'Non-road summary'!$A26,'Non-road CO2'!O:O) -> 55.17
A27: TRA_OT_SHIP_NAT | B27: =SUMIF('Non-road CO2'!$B:$B,'Non-road summary'!$A27,'Non-road CO2'!C:C) -> 74.87 | C27: =SUMIF('Non-road CO2'!$B:$B,'Non-road summary'!$A27,'Non-road CO2'!D:D) -> 61.53 | D27: =SUMIF('Non-road CO2'!$B:$B,'Non-road summary'!$A27,'Non-road CO2'!E:E) -> 129.96 | E27: =SUMIF('Non-road CO2'!$B:$B,'Non-road summary'!$A27,'Non-road CO2'!F:F) -> 140.41 | F27: =SUMIF('Non-road CO2'!$B:$B,'Non-road summary'!$A27,'Non-road CO2'!G:G) -> 146.93 | G27: =SUMIF('Non-road CO2'!$B:$B,'Non-road summary'!$A27,'Non-road CO2'!H:H) -> 180.01 | H27: =SUMIF('Non-road CO2'!$B:$B,'Non-road summary'!$A27,'Non-road CO2'!I:I) -> 169.28 | I27: =SUMIF('Non-road CO2'!$B:$B,'Non-road summary'!$A27,'Non-road CO2'!J:J) -> 185.68 | J27: =SUMIF('Non-road CO2'!$B:$B,'Non-road summary'!$A27,'Non-road CO2'!K:K) -> 199.43 | K27: =SUMIF('Non-road CO2'!$B:$B,'Non-road summary'!$A27,'Non-road CO2'!L:L) -> 210.09 | L27: =SUMIF('Non-road CO2'!$B:$B,'Non-road summary'!$A27,'Non-road CO2'!M:M) -> 216.53 | M27: =SUMIF('Non-road CO2'!$B:$B,'Non-road summary'!$A27,'Non-road CO2'!N:N) -> 218.22 | N27: =SUMIF('Non-road CO2'!$B:$B,'Non-road summary'!$A27,'Non-road CO2'!O:O) -> 213.11
A28: TRA_OT_OTHER | B28: =SUMIF('Non-road CO2'!$B:$B,'Non-road summary'!$A28,'Non-road CO2'!C:C) -> 311.24 | C28: =SUMIF('Non-road CO2'!$B:$B,'Non-road summary'!$A28,'Non-road CO2'!D:D) -> 284.69 | D28: =SUMIF('Non-road CO2'!$B:$B,'Non-road summary'!$A28,'Non-road CO2'!E:E) -> 309.03 | E28: =SUMIF('Non-road CO2'!$B:$B,'Non-road summary'!$A28,'Non-road CO2'!F:F) -> 327.79 | F28: =SUMIF('Non-road CO2'!$B:$B,'Non-road summary'!$A28,'Non-road CO2'!G:G) -> 332.55 | G28: =SUMIF('Non-road CO2'!$B:$B,'Non-road summary'!$A28,'Non-road CO2'!H:H) -> 378.04 | H28: =SUMIF('Non-road CO2'!$B:$B,'Non-road summary'!$A28,'Non-road CO2'!I:I) -> 380.94 | I28: =SUMIF('Non-road CO2'!$B:$B,'Non-road summary'!$A28,'Non-road CO2'!J:J) -> 408.63 | J28: =SUMIF('Non-road CO2'!$B:$B,'Non-road summary'!$A28,'Non-road CO2'!K:K) -> 443.57 | K28: =SUMIF('Non-road CO2'!$B:$B,'Non-road summary'!$A28,'Non-road CO2'!L:L) -> 483.8 | L28: =SUMIF('Non-road CO2'!$B:$B,'Non-road summary'!$A28,'Non-road CO2'!M:M) -> 530 | M28: =SUMIF('Non-road CO2'!$B:$B,'Non-road summary'!$A28,'Non-road CO2'!N:N) -> 579.66 | N28: =SUMIF('Non-road CO2'!$B:$B,'Non-road summary'!$A28,'Non-road CO2'!O:O) -> 631.17
A29: SUM | B29: =SUMIF('Non-road CO2'!$B:$B,'Non-road summary'!$A29,'Non-road CO2'!C:C) -> 818.32 | C29: =SUMIF('Non-road CO2'!$B:$B,'Non-road summary'!$A29,'Non-road CO2'!D:D) -> 748.94 | D29: =SUMIF('Non-road CO2'!$B:$B,'Non-road summary'!$A29,'Non-road CO2'!E:E) -> 832.75 | E29: =SUMIF('Non-road CO2'!$B:$B,'Non-road summary'!$A29,'Non-road CO2'!F:F) -> 909.7 | F29: =SUMIF('Non-road CO2'!$B:$B,'Non-road summary'!$A29,'Non-road CO2'!G:G) -> 908.91 | G29: =SUMIF('Non-road CO2'!$B:$B,'Non-road summary'!$A29,'Non-road CO2'!H:H) -> 1006.77 | H29: =SUMIF('Non-road CO2'!$B:$B,'Non-road summary'!$A29,'Non-road CO2'!I:I) -> 1135.42 | I29: =SUMIF('Non-road CO2'!$B:$B,'Non-road summary'!$A29,'Non-road CO2'!J:J) -> 1182.52 | J29: =SUMIF('Non-road CO2'!$B:$B,'Non-road summary'!$A29,'Non-road CO2'!K:K) -> 1217.35 | K29: =SUMIF('Non-road CO2'!$B:$B,'Non-road summary'!$A29,'Non-road CO2'!L:L) -> 1274.47 | L29: =SUMIF('Non-road CO2'!$B:$B,'Non-road summary'!$A29,'Non-road CO2'!M:M) -> 1332.15 | M29: =SUMIF('Non-road CO2'!$B:$B,'Non-road summary'!$A29,'Non-road CO2'!N:N) -> 1373.94 | N29: =SUMIF('Non-road CO2'!$B:$B,'Non-road summary'!$A29,'Non-road CO2'!O:O) -> 1400.33
A30: ALL SUM | B30: ='Non-road CO2'!C186 -> 818.33 | C30: ='Non-road CO2'!D186 -> 748.95 | D30: ='Non-road CO2'!E186 -> 832.72 | E30: ='Non-road CO2'!F186 -> 909.72 | F30: ='Non-road CO2'!G186 -> 908.91 | G30: ='Non-road CO2'!H186 -> 1006.77 | H30: ='Non-road CO2'!I186 -> 1135.43 | I30: ='Non-road CO2'!J186 -> 1182.51 | ... N30: ='Non-road CO2'!O186 -> 1400.34
A32: BC emissions from non-road transport (kt PM)
B33: 1990 | C33: 1995 | D33: 2000 | E33: 2005 | F33: 2010 | G33: 2015 | H33: 2020 | I33: 2025 | J33: 2030 | K33: 2035 | L33: 2040 | M33: 2045 | N33: 2050
A34: TRA_OT_CNS | B34: =SUMIF('Non-road BC'!$B:$B,'Non-road summary'!$A34,'Non-road BC'!C:C) -> 98.19 | C34: =SUMIF('Non-road BC'!$B:$B,'Non-road summary'!$A34,'Non-road BC'!D:D) -> 82.21 | D34: =SUMIF('Non-road BC'!$B:$B,'Non-road summary'!$A34,'Non-road BC'!E:E) -> 88.79 | E34: =SUMIF('Non-road BC'!$B:$B,'Non-road summary'!$A34,'Non-road BC'!F:F) -> 86.46 | F34: =SUMIF('Non-road BC'!$B:$B,'Non-road summary'!$A34,'Non-road BC'!G:G) -> 84.62 | G34: =SUMIF('Non-road BC'!$B:$B,'Non-road summary'!$A34,'Non-road BC'!H:H) -> 82.66 | H34: =SUMIF('Non-road BC'!$B:$B,'Non-road summary'!$A34,'Non-road BC'!I:I) -> 115.69 | I34: =SUMIF('Non-road BC'!$B:$B,'Non-road summary'!$A34,'Non-road BC'!J:J) -> 103.7 | J34: =SUMIF('Non-road BC'!$B:$B,'Non-road summary'!$A34,'Non-road BC'!K:K) -> 93.89 | K34: =SUMIF('Non-road BC'!$B:$B,'Non-road summary'!$A34,'Non-road BC'!L:L) -> 99.9 | L34: =SUMIF('Non-road BC'!$B:$B,'Non-road summary'!$A34,'Non-road BC'!M:M) -> 105.81 | M34: =SUMIF('Non-road BC'!$B:$B,'Non-road summary'!$A34,'Non-road BC'!N:N) -> 105.41 | N34: =SUMIF('Non-road BC'!$B:$B,'Non-road summary'!$A34,'Non-road BC'!O:O) -> 104.79
A35: TRA_OT_AGR | B35: =SUMIF('Non-road BC'!$B:$B,'Non-road summary'!$A35,'Non-road BC'!C:C) -> 148.32 | C35: =SUMIF('Non-road BC'!$B:$B,'Non-road summary'!$A35,'Non-road BC'!D:D) -> 156.19 | D35: =SUMIF('Non-road BC'!$B:$B,'Non-road summary'!$A35,'Non-road BC'!E:E) -> 140.44 | E35: =SUMIF('Non-road BC'!$B:$B,'Non-road summary'!$A35,'Non-road BC'!F:F) -> 148.52 | F35: =SUMIF('Non-road BC'!$B:$B,'Non-road summary'!$A35,'Non-road BC'!G:G) -> 140.75 | G35: =SUMIF('Non-road BC'!$B:$B,'Non-road summary'!$A35,'Non-road BC'!H:H) -> 124.82 | H35: =SUMIF('Non-road BC'!$B:$B,'Non-road summary'!$A35,'Non-road BC'!I:I) -> 104.56 | I35: =SUMIF('Non-road BC'!$B:$B,'Non-road summary'!$A35,'Non-road BC'!J:J) -> 93.27 | J35: =SUMIF('Non-road BC'!$B:$B,'Non-road summary'!$A35,'Non-road BC'!K:K) -> 86.95 | K35: =SUMIF('Non-road BC'!$B:$B,'Non-road summary'!$A35,'Non-road BC'!L:L) -> 84.02 | L35: =SUMIF('Non-road BC'!$B:$B,'Non-road summary'!$A35,'Non-road BC'!M:M) -> 81.85 | M35: =SUMIF('Non-road BC'!$B:$B,'Non-road summary'!$A35,'Non-road BC'!N:N) -> 80.22 | N35: =SUMIF('Non-road BC'!$B:$B,'Non-road summary'!$A35,'Non-road BC'!O:O) -> 77.93
A36: TRA_OT_RAI | B36: =SUMIF('Non-road BC'!$B:$B,'Non-road summary'!$A36,'Non-road BC'!C:C) -> 54.66 | C36: =SUMIF('Non-road BC'!$B:$B,'Non-road summary'!$A36,'Non-road BC'!D:D) -> 44.03 | D36: =SUMIF('Non-road BC'!$B:$B,'Non-road summary'!$A36,'Non-road BC'!E:E) -> 48.81 | E36: =SUMIF('Non-road BC'!$B:$B,'Non-road summary'!$A36,'Non-road BC'!F:F) -> 56.54 | F36: =SUMIF('Non-road BC'!$B:$B,'Non-road summary'!$A36,'Non-road BC'!G:G) -> 46.19 | G36: =SUMIF('Non-road BC'!$B:$B,'Non-road summary'!$A36,'Non-road BC'!H:H) -> 44.49 | H36: =SUMIF('Non-road BC'!$B:$B,'Non-road summary'!$A36,'Non-road BC'!I:I) -> 35.66 | I36: =SUMIF('Non-road BC'!$B:$B,'Non-road summary'!$A36,'Non-road BC'!J:J) -> 30.29 | J36: =SUMIF('Non-road BC'!$B:$B,'Non-road summary'!$A36,'Non-road BC'!K:K) -> 27.55 | K36: =SUMIF('Non-road BC'!$B:$B,'Non-road summary'!$A36,'Non-road BC'!L:L) -> 25.7 | L36: =SUMIF('Non-road BC'!$B:$B,'Non-road summary'!$A36,'Non-road BC'!M:M) -> 25.31 | M36: =SUMIF('Non-road BC'!$B:$B,'Non-road summary'!$A36,'Non-road BC'!N:N) -> 24.5 | N36: =SUMIF('Non-road BC'!$B:$B,'Non-road summary'!$A36,'Non-road BC'!O:O) -> 22.9
A37: TRA_OT_SHIP_NAT | B37: =SUMIF('Non-road BC'!$B:$B,'Non-road summary'!$A37,'Non-road BC'!C:C) -> 27.88 | C37: =SUMIF('Non-road BC'!$B:$B,'Non-road summary'!$A37,'Non-road BC'!D:D) -> 23.29 | D37: =SUMIF('Non-road BC'!$B:$B,'Non-road summary'!$A37,'Non-road BC'!E:E) -> 67.73 | E37: =SUMIF('Non-road BC'!$B:$B,'Non-road summary'!$A37,'Non-road BC'!F:F) -> 72.71 | F37: =SUMIF('Non-road BC'!$B:$B,'Non-road summary'!$A37,'Non-road BC'!G:G) -> 76.66 | G37: =SUMIF('Non-road BC'!$B:$B,'Non-road summary'!$A37,'Non-road BC'!H:H) -> 94.26 | H37: =SUMIF('Non-road BC'!$B:$B,'Non-road summary'!$A37,'Non-road BC'!I:I) -> 85.66 | I37: =SUMIF('Non-road BC'!$B:$B,'Non-road summary'!$A37,'Non-road BC'!J:J) -> 93.98 | J37: =SUMIF('Non-road BC'!$B:$B,'Non-road summary'!$A37,'Non-road BC'!K:K) -> 100.64 | K37: =SUMIF('Non-road BC'!$B:$B,'Non-road summary'!$A37,'Non-road BC'!L:L) -> 106.99 | L37: =SUMIF('Non-road BC'!$B:$B,'Non-road summary'!$A37,'Non-road BC'!M:M) -> 110.91 | M37: =SUMIF('Non-road BC'!$B:$B,'Non-road summary'!$A37,'Non-road BC'!N:N) -> 112.66 | N37: =SUMIF('Non-road BC'!$B:$B,'Non-road summary'!$A37,'Non-road BC'!O:O) -> 110.31
A38: TRA_OT_OTHER | B38: =SUMIF('Non-road BC'!$B:$B,'Non-road summary'!$A38,'Non-road BC'!C:C) -> 16.97 | C38: =SUMIF('Non-road BC'!$B:$B,'Non-road summary'!$A38,'Non-road BC'!D:D) -> 7.55 | D38: =SUMIF('Non-road BC'!$B:$B,'Non-road summary'!$A38,'Non-road BC'!E:E) -> 5.93 | E38: =SUMIF('Non-road BC'!$B:$B,'Non-road summary'!$A38,'Non-road BC'!F:F) -> 8.47 | F38: =SUMIF('Non-road BC'!$B:$B,'Non-road summary'!$A38,'Non-road BC'!G:G) -> 8.88 | G38: =SUMIF('Non-road BC'!$B:$B,'Non-road summary'!$A38,'Non-road BC'!H:H) -> 8.91 | H38: =SUMIF('Non-road BC'!$B:$B,'Non-road summary'!$A38,'Non-road BC'!I:I) -> 6.99 | I38: =SUMIF('Non-road BC'!$B:$B,'Non-road summary'!$A38,'Non-road BC'!J:J) -> 6.22 | J38: =SUMIF('Non-road BC'!$B:$B,'Non-road summary'!$A38,'Non-road BC'!K:K) -> 5.62 | K38: =SUMIF('Non-road BC'!$B:$B,'Non-road summary'!$A38,'Non-road BC'!L:L) -> 5.22 | L38: =SUMIF('Non-road BC'!$B:$B,'Non-road summary'!$A38,'Non-road BC'!M:M) -> 5.02 | M38: =SUMIF('Non-road BC'!$B:$B,'Non-road summary'!$A38,'Non-road BC'!N:N) -> 4.92 | N38: =SUMIF('Non-road BC'!$B:$B,'Non-road summary'!$A38,'Non-road BC'!O:O) -> 4.93
A39: SUM | B39: =SUMIF('Non-road BC'!$B:$B,'Non-road summary'!$A39,'Non-road BC'!C:C) -> 346.04 | C39: =SUMIF('Non-road BC'!$B:$B,'Non-road summary'!$A39,'Non-road BC'!D:D) -> 313.31 | D39: =SUMIF('Non-road BC'!$B:$B,'Non-road summary'!$A39,'Non-road BC'!E:E) -> 351.75 | E39: =SUMIF('Non-road BC'!$B:$B,'Non-road summary'!$A39,'Non-road BC'!F:F) -> 372.65 | F39: =SUMIF('Non-road BC'!$B:$B,'Non-road summary'!$A39,'Non-road BC'!G:G) -> 357.11 | G39: =SUMIF('Non-road BC'!$B:$B,'Non-road summary'!$A39,'Non-road BC'!H:H) -> 355.13 | H39: =SUMIF('Non-road BC'!$B:$B,'Non-road summary'!$A39,'Non-road BC'!I:I) -> 348.57 | I39: =SUMIF('Non-road BC'!$B:$B,'Non-road summary'!$A39,'Non-road BC'!J:J) -> 327.48 | J39: =SUMIF('Non-road BC'!$B:$B,'Non-road summary'!$A39,'Non-road BC'!K:K) -> 314.7 | K39: =SUMIF('Non-road BC'!$B:$B,'Non-road summary'!$A39,'Non-road BC'!L:L) -> 321.89 | L39: =SUMIF('Non-road BC'!$B:$B,'Non-road summary'!$A39,'Non-road BC'!M:M) -> 328.88 | M39: =SUMIF('Non-road BC'!$B:$B,'Non-road summary'!$A39,'Non-road BC'!N:N) -> 327.72 | N39: =SUMIF('Non-road BC'!$B:$B,'Non-road summary'!$A39,'Non-road BC'!O:O) -> 320.87
A40: ALL SUM | B40: ='Non-road BC'!C186 -> 346.04 | C40: ='Non-road BC'!D186 -> 313.32 | D40: ='Non-road BC'!E186 -> 351.77 | E40: ='Non-road BC'!F186 -> 372.67 | F40: ='Non-road BC'!G186 -> 357.11 | G40: ='Non-road BC'!H186 -> 355.13 | H40: ='Non-road BC'!I186 -> 348.57 | I40: ='Non-road BC'!J186 -> 327.47 | ... N40: ='Non-road BC'!O186 -> 320.86
A42: CH4 emissions from non-road transport (kt CH4)
B43: 1990 | C43: 1995 | D43: 2000 | E43: 2005 | F43: 2010 | G43: 2015 | H43: 2020 | I43: 2025 | J43: 2030 | K43: 2035 | L43: 2040 | M43: 2045 | N43: 2050
A44: TRA_OT_CNS | B44: =SUMIF('Non-road CH4'!$B:$B,'Non-road summary'!$A44,'Non-road CH4'!C:C) -> 6.91 | C44: =SUMIF('Non-road CH4'!$B:$B,'Non-road summary'!$A44,'Non-road CH4'!D:D) -> 5.7 | D44: =SUMIF('Non-road CH4'!$B:$B,'Non-road summary'!$A44,'Non-road CH4'!E:E) -> 6.24 | E44: =SUMIF('Non-road CH4'!$B:$B,'Non-road summary'!$A44,'Non-road CH4'!F:F) -> 6.57 | F44: =SUMIF('Non-road CH4'!$B:$B,'Non-road summary'!$A44,'Non-road CH4'!G:G) -> 6.86 | G44: =SUMIF('Non-road CH4'!$B:$B,'Non-road summary'!$A44,'Non-road CH4'!H:H) -> 7.88 | H44: =SUMIF('Non-road CH4'!$B:$B,'Non-road summary'!$A44,'Non-road CH4'!I:I) -> 15.11 | I44: =SUMIF('Non-road CH4'!$B:$B,'Non-road summary'!$A44,'Non-road CH4'!J:J) -> 15.5 | J44: =SUMIF('Non-road CH4'!$B:$B,'Non-road summary'!$A44,'Non-road CH4'!K:K) -> 15.34 | K44: =SUMIF('Non-road CH4'!$B:$B,'Non-road summary'!$A44,'Non-road CH4'!L:L) -> 16.27 | L44: =SUMIF('Non-road CH4'!$B:$B,'Non-road summary'!$A44,'Non-road CH4'!M:M) -> 17.22 | M44: =SUMIF('Non-road CH4'!$B:$B,'Non-road summary'!$A44,'Non-road CH4'!N:N) -> 17.14 | N44: =SUMIF('Non-road CH4'!$B:$B,'Non-road summary'!$A44,'Non-road CH4'!O:O) -> 16.88
A45: TRA_OT_AGR | B45: =SUMIF('Non-road CH4'!$B:$B,'Non-road summary'!$A45,'Non-road CH4'!C:C) -> 12.32 | C45: =SUMIF('Non-road CH4'!$B:$B,'Non-road summary'!$A45,'Non-road CH4'!D:D) -> 12.84 | D45: =SUMIF('Non-road CH4'!$B:$B,'Non-road summary'!$A45,'Non-road CH4'!E:E) -> 11.38 | E45: =SUMIF('Non-road CH4'!$B:$B,'Non-road summary'!$A45,'Non-road CH4'!F:F) -> 12.88 | F45: =SUMIF('Non-road CH4'!$B:$B,'Non-road summary'!$A45,'Non-road CH4'!G:G) -> 13.13 | G45: =SUMIF('Non-road CH4'!$B:$B,'Non-road summary'!$A45,'Non-road CH4'!H:H) -> 13.03 | H45: =SUMIF('Non-road CH4'!$B:$B,'Non-road summary'!$A45,'Non-road CH4'!I:I) -> 14.3 | I45: =SUMIF('Non-road CH4'!$B:$B,'Non-road summary'!$A45,'Non-road CH4'!J:J) -> 14.48 | J45: =SUMIF('Non-road CH4'!$B:$B,'Non-road summary'!$A45,'Non-road CH4'!K:K) -> 14.33 | K45: =SUMIF('Non-road CH4'!$B:$B,'Non-road summary'!$A45,'Non-road CH4'!L:L) -> 14.08 | L45: =SUMIF('Non-road CH4'!$B:$B,'Non-road summary'!$A45,'Non-road CH4'!M:M) -> 13.83 | M45: =SUMIF('Non-road CH4'!$B:$B,'Non-road summary'!$A45,'Non-road CH4'!N:N) -> 13.76 | N45: =SUMIF('Non-road CH4'!$B:$B,'Non-road summary'!$A45,'Non-road CH4'!O:O) -> 13.3
A46: TRA_OT_RAI | B46: =SUMIF('Non-road CH4'!$B:$B,'Non-road summary'!$A46,'Non-road CH4'!C:C) -> 5.21 | C46: =SUMIF('Non-road CH4'!$B:$B,'Non-road summary'!$A46,'Non-road CH4'!D:D) -> 4.2 | D46: =SUMIF('Non-road CH4'!$B:$B,'Non-road summary'!$A46,'Non-road CH4'!E:E) -> 4.63 | E46: =SUMIF('Non-road CH4'!$B:$B,'Non-road summary'!$A46,'Non-road CH4'!F:F) -> 5.58 | F46: =SUMIF('Non-road CH4'!$B:$B,'Non-road summary'!$A46,'Non-road CH4'!G:G) -> 4.76 | G46: =SUMIF('Non-road CH4'!$B:$B,'Non-road summary'!$A46,'Non-road CH4'!H:H) -> 5.22 | H46: =SUMIF('Non-road CH4'!$B:$B,'Non-road summary'!$A46,'Non-road CH4'!I:I) -> 4.74 | I46: =SUMIF('Non-road CH4'!$B:$B,'Non-road summary'!$A46,'Non-road CH4'!J:J) -> 4.55 | J46: =SUMIF('Non-road CH4'!$B:$B,'Non-road summary'!$A46,'Non-road CH4'!K:K) -> 4.38 | K46: =SUMIF('Non-road CH4'!$B:$B,'Non-road summary'!$A46,'Non-road CH4'!L:L) -> 4.2 | L46: =SUMIF('Non-road CH4'!$B:$B,'Non-road summary'!$A46,'Non-road CH4'!M:M) -> 3.94 | M46: =SUMIF('Non-road CH4'!$B:$B,'Non-road summary'!$A46,'Non-road CH4'!N:N) -> 3.66 | N46: =SUMIF('Non-road CH4'!$B:$B,'Non-road summary'!$A46,'Non-road CH4'!O:O) -> 3.31
A47: TRA_OT_SHIP_NAT | B47: =SUMIF('Non-road CH4'!$B:$B,'Non-road summary'!$A47,'Non-road CH4'!C:C) -> 7.07 | C47: =SUMIF('Non-road CH4'!$B:$B,'Non-road summary'!$A47,'Non-road CH4'!D:D) -> 5.81 | D47: =SUMIF('Non-road CH4'!$B:$B,'Non-road summary'!$A47,'Non-road CH4'!E:E) -> 12.19 | E47: =SUMIF('Non-road CH4'!$B:$B,'Non-road summary'!$A47,'Non-road CH4'!F:F) -> 13.15 | F47: =SUMIF('Non-road CH4'!$B:$B,'Non-road summary'!$A47,'Non-road CH4'!G:G) -> 14.02 | G47: =SUMIF('Non-road CH4'!$B:$B,'Non-road summary'!$A47,'Non-road CH4'!H:H) -> 17.22 | H47: =SUMIF('Non-road CH4'!$B:$B,'Non-road summary'!$A47,'Non-road CH4'!I:I) -> 16.34 | I47: =SUMIF('Non-road CH4'!$B:$B,'Non-road summary'!$A47,'Non-road CH4'!J:J) -> 17.94 | J47: =SUMIF('Non-road CH4'!$B:$B,'Non-road summary'!$A47,'Non-road CH4'!K:K) -> 19.33 | K47: =SUMIF('Non-road CH4'!$B:$B,'Non-road summary'!$A47,'Non-road CH4'!L:L) -> 20.33 | L47: =SUMIF('Non-road CH4'!$B:$B,'Non-road summary'!$A47,'Non-road CH4'!M:M) -> 20.97 | M47: =SUMIF('Non-road CH4'!$B:$B,'Non-road summary'!$A47,'Non-road CH4'!N:N) -> 21.11 | N47: =SUMIF('Non-road CH4'!$B:$B,'Non-road summary'!$A47,'Non-road CH4'!O:O) -> 20.62
A48: TRA_OT_OTHER | B48: =SUMIF('Non-road CH4'!$B:$B,'Non-road summary'!$A48,'Non-road CH4'!C:C) -> 12.18 | C48: =SUMIF('Non-road CH4'!$B:$B,'Non-road summary'!$A48,'Non-road CH4'!D:D) -> 8.97 | D48: =SUMIF('Non-road CH4'!$B:$B,'Non-road summary'!$A48,'Non-road CH4'!E:E) -> 7.57 | E48: =SUMIF('Non-road CH4'!$B:$B,'Non-road summary'!$A48,'Non-road CH4'!F:F) -> 7.87 | F48: =SUMIF('Non-road CH4'!$B:$B,'Non-road summary'!$A48,'Non-road CH4'!G:G) -> 8.66 | G48: =SUMIF('Non-road CH4'!$B:$B,'Non-road summary'!$A48,'Non-road CH4'!H:H) -> 9.37 | H48: =SUMIF('Non-road CH4'!$B:$B,'Non-road summary'!$A48,'Non-road CH4'!I:I) -> 11.44 | I48: =SUMIF('Non-road CH4'!$B:$B,'Non-road summary'!$A48,'Non-road CH4'!J:J) -> 10.8 | J48: =SUMIF('Non-road CH4'!$B:$B,'Non-road summary'!$A48,'Non-road CH4'!K:K) -> 10.6 | K48: =SUMIF('Non-road CH4'!$B:$B,'Non-road summary'!$A48,'Non-road CH4'!L:L) -> 10.6 | L48: =SUMIF('Non-road CH4'!$B:$B,'Non-road summary'!$A48,'Non-road CH4'!M:M) -> 10.64 | M48: =SUMIF('Non-road CH4'!$B:$B,'Non-road summary'!$A48,'Non-road CH4'!N:N) -> 10.56 | N48: =SUMIF('Non-road CH4'!$B:$B,'Non-road summary'!$A48,'Non-road CH4'!O:O) -> 10.56
A49: SUM | B49: =SUMIF('Non-road CH4'!$B:$B,'Non-road summary'!$A49,'Non-road CH4'!C:C) -> 43.66 | C49: =SUMIF('Non-road CH4'!$B:$B,'Non-road summary'!$A49,'Non-road CH4'!D:D) -> 37.55 | D49: =SUMIF('Non-road CH4'!$B:$B,'Non-road summary'!$A49,'Non-road CH4'!E:E) -> 42.03 | E49: =SUMIF('Non-road CH4'!$B:$B,'Non-road summary'!$A49,'Non-road CH4'!F:F) -> 46.05 | F49: =SUMIF('Non-road CH4'!$B:$B,'Non-road summary'!$A49,'Non-road CH4'!G:G) -> 47.44 | G49: =SUMIF('Non-road CH4'!$B:$B,'Non-road summary'!$A49,'Non-road CH4'!H:H) -> 52.73 | H49: =SUMIF('Non-road CH4'!$B:$B,'Non-road summary'!$A49,'Non-road CH4'!I:I) -> 61.95 | I49: =SUMIF('Non-road CH4'!$B:$B,'Non-road summary'!$A49,'Non-road CH4'!J:J) -> 63.3 | J49: =SUMIF('Non-road CH4'!$B:$B,'Non-road summary'!$A49,'Non-road CH4'!K:K) -> 63.96 | K49: =SUMIF('Non-road CH4'!$B:$B,'Non-road summary'!$A49,'Non-road CH4'!L:L) -> 65.49 | L49: =SUMIF('Non-road CH4'!$B:$B,'Non-road summary'!$A49,'Non-road CH4'!M:M) -> 66.64 | M49: =SUMIF('Non-road CH4'!$B:$B,'Non-road summary'!$A49,'Non-road CH4'!N:N) -> 66.25 | N49: =SUMIF('Non-road CH4'!$B:$B,'Non-road summary'!$A49,'Non-road CH4'!O:O) -> 64.65
A50: ALL SUM | B50: ='Non-road CH4'!C186 -> 43.67 | C50: ='Non-road CH4'!D186 -> 37.57 | D50: ='Non-road CH4'!E186 -> 42.01 | E50: ='Non-road CH4'!F186 -> 46.06 | F50: ='Non-road CH4'!G186 -> 47.43 | G50: ='Non-road CH4'!H186 -> 52.73 | H50: ='Non-road CH4'!I186 -> 61.92 | I50: ='Non-road CH4'!J186 -> 63.3 | ... N50: ='Non-road CH4'!O186 -> 64.68
A52: CO2-equivalent emissions from non-road transport (Mt CO2e using GWP-20)
B53: 1990 | C53: 1995 | D53: 2000 | E53: 2005 | F53: 2010 | G53: 2015 | H53: 2020 | I53: 2025 | J53: 2030 | K53: 2035 | L53: 2040 | M53: 2045 | N53: 2050
A54: TRA_OT_CNS | B54: =B24+B34*$B$11*0.001+B44*$B$12*0.001 -> 360.30756 | C54: =C24+C34*$B$11*0.001+C44*$B$12*0.001 -> 300.50686 | D54: =D24+D34*$B$11*0.001+D44*$B$12*0.001 -> 325.583 | E54: =E24+E34*$B$11*0.001+E44*$B$12*0.001 -> 325.87953 | F54: =F24+F34*$B$11*0.001+F44*$B$12*0.001 -> 324.86904 | G54: =G24+G34*$B$11*0.001+G44*$B$12*0.001 -> 336.48926 | H54: =H24+H34*$B$11*0.001+H44*$B$12*0.001 -> 540.45479 | I54: =I24+I34*$B$11*0.001+I44*$B$12*0.001 -> 517.19852 | ... N54: =N24+N34*$B$11*0.001+N44*$B$12*0.001 -> 534.7733
A55: TRA_OT_AGR | B55: =B25+B35*$B$11*0.001+B45*$B$12*0.001 -> 578.3512 | C55: =C25+C35*$B$11*0.001+C45*$B$12*0.001 -> 606.97888 | D55: =D25+D35*$B$11*0.001+D45*$B$12*0.001 -> 542.56407 | E55: =E25+E35*$B$11*0.001+E45*$B$12*0.001 -> 587.9224 | F55: =F25+F35*$B$11*0.001+F45*$B$12*0.001 -> 568.93143 | G55: =G25+G35*$B$11*0.001+G45*$B$12*0.001 -> 525.90492 | H55: =H25+H35*$B$11*0.001+H45*$B$12*0.001 -> 498.44999 | I55: =I25+I35*$B$11*0.001+I45*$B$12*0.001 -> 472.84087 | ... N55: =N25+N35*$B$11*0.001+N45*$B$12*0.001 -> 411.02219
A56: TRA_OT_RAI | B56: =B26+B36*$B$11*0.001+B46*$B$12*0.001 -> 224.80444 | C56: =C26+C36*$B$11*0.001+C46*$B$12*0.001 -> 180.96341 | D56: =D26+D36*$B$11*0.001+D46*$B$12*0.001 -> 200.65235 | E56: =E26+E36*$B$11*0.001+E46*$B$12*0.001 -> 235.61716 | F56: =F26+F36*$B$11*0.001+F46*$B$12*0.001 -> 195.16997 | G56: =G26+G36*$B$11*0.001+G46*$B$12*0.001 -> 198.5527 | H56: =H26+H36*$B$11*0.001+H46*$B$12*0.001 -> 168.78411 | I56: =I26+I36*$B$11*0.001+I46*$B$12*0.001 -> 151.30686 | ... N56: =N26+N36*$B$11*0.001+N46*$B$12*0.001 -> 110.8909
A57: TRA_OT_SHIP_NAT | B57: =B27+B37*$B$11*0.001+B47*$B$12*0.001 -> 142.96344 | C57: =C27+C37*$B$11*0.001+C47*$B$12*0.001 -> 118.40488 | D57: =D27+D37*$B$11*0.001+D47*$B$12*0.001 -> 294.96384 | E57: =E27+E37*$B$11*0.001+E47*$B$12*0.001 -> 317.55147 | F57: =F27+F37*$B$11*0.001+F47*$B$12*0.001 -> 333.7078 | G57: =G27+G37*$B$11*0.001+G47*$B$12*0.001 -> 409.66764 | H57: =H27+H37*$B$11*0.001+H47*$B$12*0.001 -> 378.04235 | I57: =I27+I37*$B$11*0.001+I47*$B$12*0.001 -> 414.72014 | ... N57: =N27+N37*$B$11*0.001+N47*$B$12*0.001 -> 481.91156
A58: TRA_OT_OTHER | B58: =B28+B38*$B$11*0.001+B48*$B$12*0.001 -> 353.34797 | C58: =C28+C38*$B$11*0.001+C48*$B$12*0.001 -> 303.72189 | D58: =D28+D38*$B$11*0.001+D48*$B$12*0.001 -> 324.02225 | E58: =E28+E38*$B$11*0.001+E48*$B$12*0.001 -> 348.95701 | F58: =F28+F38*$B$11*0.001+F48*$B$12*0.001 -> 354.77594 | G58: =G28+G38*$B$11*0.001+G48*$B$12*0.001 -> 400.39814 | H58: =H28+H38*$B$11*0.001+H48*$B$12*0.001 -> 398.8233 | I58: =I28+I38*$B$11*0.001+I48*$B$12*0.001 -> 424.59536 | ... N58: =N28+N38*$B$11*0.001+N48*$B$12*0.001 -> 643.99201
A59: SUM | B59: =SUM(B54:B58) -> 1659.7746 | C59: =SUM(C54:C58) -> 1510.5759 | D59: =SUM(D54:D58) -> 1687.7855 | E59: =SUM(E54:E58) -> 1815.9276 | F59: =SUM(F54:F58) -> 1777.4542 | G59: =SUM(G54:G58) -> 1871.0127 | H59: =SUM(H54:H58) -> 1984.5545 | I59: =SUM(I54:I58) -> 1980.6618 | ... N59: =SUM(N54:N58) -> 2182.59
A61: CO2-equivalent emissions from non-road transport (Mt CO2e using GWP-100)
B62: 1990 | C62: 1995 | D62: 2000 | E62: 2005 | F62: 2010 | G62: 2015 | H62: 2020 | I62: 2025 | J62: 2030 | K62: 2035 | L62: 2040 | M62: 2045 | N62: 2050
A63: TRA_OT_CNS | B63: =B24+B34*$C$11*0.001+B44*$C$12*0.001 -> 186.86487 | C63: =C24+C34*$C$11*0.001+C44*$C$12*0.001 -> 155.29596 | D63: =D24+D34*$C$11*0.001+D44*$C$12*0.001 -> 168.74493 | E63: =E24+E34*$C$11*0.001+E44*$C$12*0.001 -> 173.1298 | F63: =F24+F34*$C$11*0.001+F44*$C$12*0.001 -> 175.34624 | G63: =G24+G34*$C$11*0.001+G44*$C$12*0.001 -> 190.36446 | H63: =H24+H34*$C$11*0.001+H44*$C$12*0.001 -> 335.71407 | I63: =I24+I34*$C$11*0.001+I44*$C$12*0.001 -> 333.56857 | ... N63: =N24+N34*$C$11*0.001+N44*$C$12*0.001 -> 349.14577
A64: TRA_OT_AGR | B64: =B25+B35*$C$11*0.001+B45*$C$12*0.001 -> 316.25467 | C64: =C25+C35*$C$11*0.001+C45*$C$12*0.001 -> 330.98267 | D64: =D25+D35*$C$11*0.001+D45*$C$12*0.001 -> 294.40811 | E64: =E25+E35*$C$11*0.001+E45*$C$12*0.001 -> 325.44235 | F64: =F25+F35*$C$11*0.001+F45*$C$12*0.001 -> 320.13216 | G64: =G25+G35*$C$11*0.001+G45*$C$12*0.001 -> 305.18781 | H64: =H25+H35*$C$11*0.001+H45*$C$12*0.001 -> 313.37077 | I64: =I25+I35*$C$11*0.001+I45*$C$12*0.001 -> 307.6503 | ... N64: =N25+N35*$C$11*0.001+N45*$C$12*0.001 -> 272.93375
A65: TRA_OT_RAI | B65: =B26+B36*$C$11*0.001+B46*$C$12*0.001 -> 128.17756 | C65: =C26+C36*$C$11*0.001+C46*$C$12*0.001 -> 103.12786 | D65: =D26+D36*$C$11*0.001+D46*$C$12*0.001 -> 114.36822 | E65: =E26+E36*$C$11*0.001+E46*$C$12*0.001 -> 135.65627 | F65: =F26+F36*$C$11*0.001+F46*$C$12*0.001 -> 113.49639 | G65: =G26+G36*$C$11*0.001+G46*$C$12*0.001 -> 119.84988 | H65: =H26+H36*$C$11*0.001+H46*$C$12*0.001 -> 105.67077 | I65: =I26+I36*$C$11*0.001+I46*$C$12*0.001 -> 97.668669 | ... N65: =N26+N36*$C$11*0.001+N46*$C$12*0.001 -> 70.346275
A66: TRA_OT_SHIP_NAT | B66: =B27+B37*$C$11*0.001+B47*$C$12*0.001 -> 93.433263 | C66: =C27+C37*$C$11*0.001+C47*$C$12*0.001 -> 77.034379 | D66: =D27+D37*$C$11*0.001+D47*$C$12*0.001 -> 174.91439 | E66: =E27+E37*$C$11*0.001+E47*$C$12*0.001 -> 188.67158 | F66: =F27+F37*$C$11*0.001+F47*$C$12*0.001 -> 197.81785 | G66: =G27+G37*$C$11*0.001+G47*$C$12*0.001 -> 242.58041 | H66: =H27+H37*$C$11*0.001+H47*$C$12*0.001 -> 226.16137 | I66: =I27+I37*$C$11*0.001+I47*$C$12*0.001 -> 248.08652 | ... N66: =N27+N37*$C$11*0.001+N47*$C$12*0.001 -> 286.34784
A67: TRA_OT_OTHER | B67: =B28+B38*$C$11*0.001+B48*$C$12*0.001 -> 322.76357 | C67: =C28+C38*$C$11*0.001+C48*$C$12*0.001 -> 289.91807 | D67: =D28+D38*$C$11*0.001+D48*$C$12*0.001 -> 313.15124 | E67: =E28+E38*$C$11*0.001+E48*$C$12*0.001 -> 333.59264 | F67: =F28+F38*$C$11*0.001+F48*$C$12*0.001 -> 338.64518 | G67: =G28+G38*$C$11*0.001+G48*$C$12*0.001 -> 384.17517 | H67: =H28+H38*$C$11*0.001+H48*$C$12*0.001 -> 385.86965 | I67: =I28+I38*$C$11*0.001+I48*$C$12*0.001 -> 413.03429 | ... N67: =N28+N38*$C$11*0.001+N48*$C$12*0.001 -> 634.71786
A68: SUM | B68: =SUM(B63:B67) -> 1047.4939 | C68: =SUM(C63:C67) -> 956.35894 | D68: =SUM(D63:D67) -> 1065.5869 | E68: =SUM(E63:E67) -> 1156.4926 | F68: =SUM(F63:F67) -> 1145.4378 | G68: =SUM(G63:G67) -> 1242.1577 | H68: =SUM(H63:H67) -> 1366.7866 | I68: =SUM(I63:I67) -> 1400.0084 | ... N68: =SUM(N63:N67) -> 1613.4915
A70: Chart: CO2-equivalent emissions from non-road transport (Mt CO2e using GWP-20)
B71: 1990 | C71: 1995 | D71: 2000 | E71: 2005 | F71: 2010 | G71: 2015 | H71: 2020 | I71: 2025 | J71: 2030 | K71: 2035 | L71: 2040 | M71: 2045 | N71: 2050
A72: Construction and industry | B72: =B54 -> 360.30756 | C72: =C54 -> 300.50686 | D72: =D54 -> 325.583 | E72: =E54 -> 325.87953 | F72: =F54 -> 324.86904 | G72: =G54 -> 336.48926 | H72: =H54 -> 540.45479 | I72: =I54 -> 517.19852 | ... N72: =N54 -> 534.7733
A73: Agriculture and forestry | B73: =B55 -> 578.3512 | C73: =C55 -> 606.97888 | D73: =D55 -> 542.56407 | E73: =E55 -> 587.9224 | F73: =F55 -> 568.93143 | G73: =G55 -> 525.90492 | H73: =H55 -> 498.44999 | I73: =I55 -> 472.84087 | ... N73: =N55 -> 411.02219
A74: Railways | B74: =B56 -> 224.80444 | C74: =C56 -> 180.96341 | D74: =D56 -> 200.65235 | E74: =E56 -> 235.61716 | F74: =F56 -> 195.16997 | G74: =G56 -> 198.5527 | H74: =H56 -> 168.78411 | I74: =I56 -> 151.30686 | ... N74: =N56 -> 110.8909
A75: Domestic shipping | B75: =B57 -> 142.96344 | C75: =C57 -> 118.40488 | D75: =D57 -> 294.96384 | E75: =E57 -> 317.55147 | F75: =F57 -> 333.7078 | G75: =G57 -> 409.66764 | H75: =H57 -> 378.04235 | I75: =I57 -> 414.72014 | ... N75: =N57 -> 481.91156
A76: Other non-road mobile machinery | B76: =B58 -> 353.34797 | C76: =C58 -> 303.72189 | D76: =D58 -> 324.02225 | E76: =E58 -> 348.95701 | F76: =F58 -> 354.77594 | G76: =G58 -> 400.39814 | H76: =H58 -> 398.8233 | I76: =I58 -> 424.59536 | ... N76: =N58 -> 643.99201
A77: SUM | B77: =SUM(B72:B76) -> 1659.7746 | C77: =SUM(C72:C76) -> 1510.5759 | D77: =SUM(D72:D76) -> 1687.7855 | E77: =SUM(E72:E76) -> 1815.9276 | F77: =SUM(F72:F76) -> 1777.4542 | G77: =SUM(G72:G76) -> 1871.0127 | H77: =SUM(H72:H76) -> 1984.5545 | I77: =SUM(I72:I76) -> 1980.6618 | ... N77: =SUM(N72:N76) -> 2182.59

Sheet Agg
A1: Scenario | B1: Sector | C1: Source | D1: Species | E1: Units | F1: 2020 | G1: 2021 | H1: 2022 | I1: 2023 | J1: 2024 | K1: 2025 | L1: 2026 | M1: 2027 | N1: 2028 | O1: 2029 | P1: 2030 | Q1: 2031 | R1: 2032 | S1: 2033 | T1: 2034 | U1: 2035 | V1: 2036 | W1: 2037 | X1: 2038 | Y1: 2039 | Z1: 2040 | AA1: 2041 | AB1: 2042 | AC1: 2043 | AD1: 2044 | AE1: 2045 | AF1: 2046 | AG1: 2047 | AH1: 2048 | AI1: 2049 | AJ1: 2050
A2: BAU | B2: off-road | C2: TTW | D2: co2 | E2: Mt | F2: ='Non-road summary'!H29 -> 1135.42 | G2: =($K2-$F2)/5*(G$1-$F$1)+$F2 -> 1144.84 | H2: =($K2-$F2)/5*(H$1-$F$1)+$F2 -> 1154.26 | I2: =($K2-$F2)/5*(I$1-$F$1)+$F2 -> 1163.68 | J2: =($K2-$F2)/5*(J$1-$F$1)+$F2 -> 1173.1 | K2: ='Non-road summary'!I29 -> 1182.52 | L2: =($P2-$K2)/5*(L$1-$K$1)+$K2 -> 1189.486 | M2: =($P2-$K2)/5*(M$1-$K$1)+$K2 -> 1196.452 | N2: =($P2-$K2)/5*(N$1-$K$1)+$K2 -> 1203.418 | O2: =($P2-$K2)/5*(O$1-$K$1)+$K2 -> 1210.384 | P2: ='Non-road summary'!J29 -> 1217.35 | Q2: =($U2-$P2)/5*(Q$1-$P$1)+$P2 -> 1228.774 | R2: =($U2-$P2)/5*(R$1-$P$1)+$P2 -> 1240.198 | S2: =($U2-$P2)/5*(S$1-$P$1)+$P2 -> 1251.622 | T2: =($U2-$P2)/5*(T$1-$P$1)+$P2 -> 1263.046 | U2: ='Non-road summary'!K29 -> 1274.47 | V2: =($Z2-$U2)/5*(V$1-$U$1)+$U2 -> 1286.006 | W2: =($Z2-$U2)/5*(W$1-$U$1)+$U2 -> 1297.542 | X2: =($Z2-$U2)/5*(X$1-$U$1)+$U2 -> 1309.078 | Y2: =($Z2-$U2)/5*(Y$1-$U$1)+$U2 -> 1320.614 | Z2: ='Non-road summary'!L29 -> 1332.15 | AA2: =($AE2-$Z2)/5*(AA$1-$Z$1)+$Z2 -> 1340.508 | AB2: =($AE2-$Z2)/5*(AB$1-$Z$1)+$Z2 -> 1348.866 | AC2: =($AE2-$Z2)/5*(AC$1-$Z$1)+$Z2 -> 1357.224 | AD2: =($AE2-$Z2)/5*(AD$1-$Z$1)+$Z2 -> 1365.582 | AE2: ='Non-road summary'!M29 -> 1373.94 | AF2: =($AJ2-$AE2)/5*(AF$1-$AE$1)+$AE2 -> 1379.218 | AG2: =($AJ2-$AE2)/5*(AG$1-$AE$1)+$AE2 -> 1384.496 | AH2: =($AJ2-$AE2)/5*(AH$1-$AE$1)+$AE2 -> 1389.774 | AI2: =($AJ2-$AE2)/5*(AI$1-$AE$1)+$AE2 -> 1395.052 | AJ2: ='Non-road summary'!N29 -> 1400.33
A3: BAU | B3: off-road | C3: TTW | D3: bc | E3: kt | F3: ='Non-road summary'!H39 -> 348.57 | G3: =($K3-$F3)/5*(G$1-$F$1)+$F3 -> 344.352 | H3: =($K3-$F3)/5*(H$1-$F$1)+$F3 -> 340.134 | I3: =($K3-$F3)/5*(I$1-$F$1)+$F3 -> 335.916 | J3: =($K3-$F3)/5*(J$1-$F$1)+$F3 -> 331.698 | K3: ='Non-road summary'!I39 -> 327.48 | L3: =($P3-$K3)/5*(L$1-$K$1)+$K3 -> 324.924 | M3: =($P3-$K3)/5*(M$1-$K$1)+$K3 -> 322.368 | N3: =($P3-$K3)/5*(N$1-$K$1)+$K3 -> 319.812 | O3: =($P3-$K3)/5*(O$1-$K$1)+$K3 -> 317.256 | P3: ='Non-road summary'!J39 -> 314.7 | Q3: =($U3-$P3)/5*(Q$1-$P$1)+$P3 -> 316.138 | R3: =($U3-$P3)/5*(R$1-$P$1)+$P3 -> 317.576 | S3: =($U3-$P3)/5*(S$1-$P$1)+$P3 -> 319.014 | T3: =($U3-$P3)/5*(T$1-$P$1)+$P3 -> 320.452 | U3: ='Non-road summary'!K39 -> 321.89 | V3: =($Z3-$U3)/5*(V$1-$U$1)+$U3 -> 323.288 | W3: =($Z3-$U3)/5*(W$1-$U$1)+$U3 -> 324.686 | X3: =($Z3-$U3)/5*(X$1-$U$1)+$U3 -> 326.084 | Y3: =($Z3-$U3)/5*(Y$1-$U$1)+$U3 -> 327.482 | Z3: ='Non-road summary'!L39 -> 328.88 | AA3: =($AE3-$Z3)/5*(AA$1-$Z$1)+$Z3 -> 328.648 | AB3: =($AE3-$Z3)/5*(AB$1-$Z$1)+$Z3 -> 328.416 | AC3: =($AE3-$Z3)/5*(AC$1-$Z$1)+$Z3 -> 328.184 | AD3: =($AE3-$Z3)/5*(AD$1-$Z$1)+$Z3 -> 327.952 | AE3: ='Non-road summary'!M39 -> 327.72 | AF3: =($AJ3-$AE3)/5*(AF$1-$AE$1)+$AE3 -> 326.35 | AG3: =($AJ3-$AE3)/5*(AG$1-$AE$1)+$AE3 -> 324.98 | AH3: =($AJ3-$AE3)/5*(AH$1-$AE$1)+$AE3 -> 323.61 | AI3: =($AJ3-$AE3)/5*(AI$1-$AE$1)+$AE3 -> 322.24 | AJ3: ='Non-road summary'!N39 -> 320.87
A4: BAU | B4: off-road | C4: TTW | D4: ch4 | E4: kt | F4: ='Non-road summary'!H49 -> 61.95 | G4: =($K4-$F4)/5*(G$1-$F$1)+$F4 -> 62.22 | H4: =($K4-$F4)/5*(H$1-$F$1)+$F4 -> 62.49 | I4: =($K4-$F4)/5*(I$1-$F$1)+$F4 -> 62.76 | J4: =($K4-$F4)/5*(J$1-$F$1)+$F4 -> 63.03 | K4: ='Non-road summary'!I49 -> 63.3 | L4: =($P4-$K4)/5*(L$1-$K$1)+$K4 -> 63.432 | M4: =($P4-$K4)/5*(M$1-$K$1)+$K4 -> 63.564 | N4: =($P4-$K4)/5*(N$1-$K$1)+$K4 -> 63.696 | O4: =($P4-$K4)/5*(O$1-$K$1)+$K4 -> 63.828 | P4: ='Non-road summary'!J49 -> 63.96 | Q4: =($U4-$P4)/5*(Q$1-$P$1)+$P4 -> 64.266 | R4: =($U4-$P4)/5*(R$1-$P$1)+$P4 -> 64.572 | S4: =($U4-$P4)/5*(S$1-$P$1)+$P4 -> 64.878 | T4: =($U4-$P4)/5*(T$1-$P$1)+$P4 -> 65.184 | U4: ='Non-road summary'!K49 -> 65.49 | V4: =($Z4-$U4)/5*(V$1-$U$1)+$U4 -> 65.72 | W4: =($Z4-$U4)/5*(W$1-$U$1)+$U4 -> 65.95 | X4: =($Z4-$U4)/5*(X$1-$U$1)+$U4 -> 66.18 | Y4: =($Z4-$U4)/5*(Y$1-$U$1)+$U4 -> 66.41 | Z4: ='Non-road summary'!L49 -> 66.64 | AA4: =($AE4-$Z4)/5*(AA$1-$Z$1)+$Z4 -> 66.562 | AB4: =($AE4-$Z4)/5*(AB$1-$Z$1)+$Z4 -> 66.484 | AC4: =($AE4-$Z4)/5*(AC$1-$Z$1)+$Z4 -> 66.406 | AD4: =($AE4-$Z4)/5*(AD$1-$Z$1)+$Z4 -> 66.328 | AE4: ='Non-road summary'!M49 -> 66.25 | AF4: =($AJ4-$AE4)/5*(AF$1-$AE$1)+$AE4 -> 65.93 | AG4: =($AJ4-$AE4)/5*(AG$1-$AE$1)+$AE4 -> 65.61 | AH4: =($AJ4-$AE4)/5*(AH$1-$AE$1)+$AE4 -> 65.29 | AI4: =($AJ4-$AE4)/5*(AI$1-$AE$1)+$AE4 -> 64.97 | AJ4: ='Non-road summary'!N49 -> 64.65
A5: Striving | B5: off-road | C5: TTW | D5: co2 | E5: Mt | F5: =H27 -> 1135.46 | G5: =($U5-$F5)/15*(G$1-$F$1)+$F5 -> 1118.5939 | H5: =($U5-$F5)/15*(H$1-$F$1)+$F5 -> 1101.7279 | I5: =($U5-$F5)/15*(I$1-$F$1)+$F5 -> 1084.8618 | J5: =($U5-$F5)/15*(J$1-$F$1)+$F5 -> 1067.9957 | K5: =($U5-$F5)/15*(K$1-$F$1)+$F5 -> 1051.1297 | L5: =($U5-$F5)/15*(L$1-$F$1)+$F5 -> 1034.2636 | M5: =($U5-$F5)/15*(M$1-$F$1)+$F5 -> 1017.3975 | N5: =($U5-$F5)/15*(N$1-$F$1)+$F5 -> 1000.5315 | ... T5: =($U5-$F5)/15*(T$1-$F$1)+$F5 -> 899.33507 | U5: =K27 -> 882.469 | V5: =($AJ5-$U5)/15*(V$1-$U$1)+$U5 -> 848.22857 | W5: =($AJ5-$U5)/15*(W$1-$U$1)+$U5 -> 813.98813 | X5: =($AJ5-$U5)/15*(X$1-$U$1)+$U5 -> 779.7477 | Y5: =($AJ5-$U5)/15*(Y$1-$U$1)+$U5 -> 745.50727 | Z5: =($AJ5-$U5)/15*(Z$1-$U$1)+$U5 -> 711.26683 | AA5: =($AJ5-$U5)/15*(AA$1-$U$1)+$U5 -> 677.0264 | AB5: =($AJ5-$U5)/15*(AB$1-$U$1)+$U5 -> 642.78597 | AC5: =($AJ5-$U5)/15*(AC$1-$U$1)+$U5 -> 608.54553 | ... AI5: =($AJ5-$U5)/15*(AI$1-$U$1)+$U5 -> 403.10293 | AJ5: =N27 -> 368.8625
A6: Striving | B6: off-road | C6: TTW | D6: bc | E6: kt | F6: 252.12 | G6: =($U6-$F6)/15*(G$1-$F$1)+$F6 -> 247.11547 | H6: =($U6-$F6)/15*(H$1-$F$1)+$F6 -> 242.11093 | I6: =($U6-$F6)/15*(I$1-$F$1)+$F6 -> 237.1064 | J6: =($U6-$F6)/15*(J$1-$F$1)+$F6 -> 232.10187 | K6: =($U6-$F6)/15*(K$1-$F$1)+$F6 -> 227.09733 | L6: =($U6-$F6)/15*(L$1-$F$1)+$F6 -> 222.0928 | M6: =($U6-$F6)/15*(M$1-$F$1)+$F6 -> 217.08827 | N6: =($U6-$F6)/15*(N$1-$F$1)+$F6 -> 212.08373 | ... T6: =($U6-$F6)/15*(T$1-$F$1)+$F6 -> 182.05653 | U6: =K37 -> 177.052 | V6: =($AJ6-$U6)/15*(V$1-$U$1)+$U6 -> 169.55853 | W6: =($AJ6-$U6)/15*(W$1-$U$1)+$U6 -> 162.06507 | X6: =($AJ6-$U6)/15*(X$1-$U$1)+$U6 -> 154.5716 | Y6: =($AJ6-$U6)/15*(Y$1-$U$1)+$U6 -> 147.07813 | Z6: =($AJ6-$U6)/15*(Z$1-$U$1)+$U6 -> 139.58467 | AA6: =($AJ6-$U6)/15*(AA$1-$U$1)+$U6 -> 132.0912 | AB6: =($AJ6-$U6)/15*(AB$1-$U$1)+$U6 -> 124.59773 | AC6: =($AJ6-$U6)/15*(AC$1-$U$1)+$U6 -> 117.10427 | ... AI6: =($AJ6-$U6)/15*(AI$1-$U$1)+$U6 -> 72.143467 | AJ6: =N47 -> 64.65
A7: Striving | B7: off-road | C7: TTW | D7: ch4 | E7: kt | F7: 33.49 | G7: =($U7-$F7)/15*(G$1-$F$1)+$F7 -> 33.196 | H7: =($U7-$F7)/15*(H$1-$F$1)+$F7 -> 32.902 | I7: =($U7-$F7)/15*(I$1-$F$1)+$F7 -> 32.608 | J7: =($U7-$F7)/15*(J$1-$F$1)+$F7 -> 32.314 | K7: =($U7-$F7)/15*(K$1-$F$1)+$F7 -> 32.02 | L7: =($U7-$F7)/15*(L$1-$F$1)+$F7 -> 31.726 | M7: =($U7-$F7)/15*(M$1-$F$1)+$F7 -> 31.432 | N7: =($U7-$F7)/15*(N$1-$F$1)+$F7 -> 31.138 | ... T7: =($U7-$F7)/15*(T$1-$F$1)+$F7 -> 29.374 | U7: 29.08 | V7: =($AJ7-$U7)/15*(V$1-$U$1)+$U7 -> 28.830667 | W7: =($AJ7-$U7)/15*(W$1-$U$1)+$U7 -> 28.581333 | X7: =($AJ7-$U7)/15*(X$1-$U$1)+$U7 -> 28.332 | Y7: =($AJ7-$U7)/15*(Y$1-$U$1)+$U7 -> 28.082667 | Z7: =($AJ7-$U7)/15*(Z$1-$U$1)+$U7 -> 27.833333 | AA7: =($AJ7-$U7)/15*(AA$1-$U$1)+$U7 -> 27.584 | AB7: =($AJ7-$U7)/15*(AB$1-$U$1)+$U7 -> 27.334667 | AC7: =($AJ7-$U7)/15*(AC$1-$U$1)+$U7 -> 27.085333 | ... AI7: =($AJ7-$U7)/15*(AI$1-$U$1)+$U7 -> 25.589333 | AJ7: 25.34
A20: CO2 emissions from non-road transport (Mt CO2)
H21: 2020 | I21: 2025 | J21: 2030 | K21: 2035 | L21: 2040 | M21: 2045 | N21: 2050 | P21: Sub-sector | Q21: 2035 | R21: 2050
A22: TRA_OT_CNS | H22: 259.09 | K22: ='Non-road summary'!K24*(1-Q22) -> 164.082 | N22: ='Non-road summary'!N24*(1-R22) -> 0 | P22: TRA_OT_CNS | Q22: 0.4 | R22: 1
A23: TRA_OT_AGR | H23: 244.1 | K23: ='Non-road summary'!K25*(1-Q23) -> 142.044 | N23: ='Non-road summary'!N25*(1-R23) -> 0 | P23: TRA_OT_AGR | Q23: 0.4 | R23: 1
A24: TRA_OT_RAI | H24: 82.05 | K24: ='Non-road summary'!K26*(1-Q24) -> 42.24 | N24: ='Non-road summary'!N26*(1-R24) -> 0 | P24: TRA_OT_RAI | Q24: 0.4 | R24: 1
A25: TRA_OT_SHIP_NAT | H25: 169.28 | K25: ='Non-road summary'!K27*(1-Q25) -> 147.063 | N25: ='Non-road summary'!N27*(1-R25) -> 53.2775 | P25: TRA_OT_SHIP_NAT | Q25: 0.3 | R25: 0.75
A26: TRA_OT_OTHER | H26: 380.94 | K26: ='Non-road summary'!K28*(1-Q26) -> 387.04 | N26: ='Non-road summary'!N28*(1-R26) -> 315.585 | P26: TRA_OT_OTHER | Q26: 0.2 | R26: 0.5
A27: SUM | H27: =SUM(H22:H26) -> 1135.46 | K27: =SUM(K22:K26) -> 882.469 | N27: =SUM(N22:N26) -> 368.8625
A28: ALL SUM
A30: BC emissions from non-road transport (kt PM) | Q30: % CO2 reduction | S30: % BC reduction
H31: 2020 | K31: 2035 | N31: 2050 | P31: Sub-sector | Q31: 2035 | R31: 2050 | S31: 2035 | T31: 2050
A32: TRA_OT_CNS | H32: 115.69 | K32: ='Non-road summary'!K34*(1-S32) -> 39.96 | N32: ='Non-road summary'!N34*(1-T32) -> 0 | P32: TRA_OT_CNS | Q32: 0.4 | R32: 1 | S32: 0.6 | T32: 1
A33: TRA_OT_AGR | H33: 104.56 | K33: ='Non-road summary'!K35*(1-S33) -> 33.608 | N33: ='Non-road summary'!N35*(1-T33) -> 0 | P33: TRA_OT_AGR | Q33: 0.4 | R33: 1 | S33: 0.6 | T33: 1
A34: TRA_OT_RAI | H34: 35.66 | K34: ='Non-road summary'!K36*(1-S34) -> 24.415 | N34: ='Non-road summary'!N36*(1-T34) -> 0 | P34: TRA_OT_RAI | Q34: 0.4 | R34: 1 | S34: 0.05 | T34: 1
A35: TRA_OT_SHIP_NAT | H35: 85.66 | K35: ='Non-road summary'!K37*(1-S35) -> 74.893 | N35: ='Non-road summary'!N37*(1-T35) -> 27.5775 | P35: TRA_OT_SHIP_NAT | Q35: 0.3 | R35: 0.75 | S35: 0.3 | T35: 0.75
A36: TRA_OT_OTHER | H36: 6.99 | K36: ='Non-road summary'!K38*(1-S36) -> 4.176 | N36: ='Non-road summary'!N38*(1-T36) -> 2.465 | P36: TRA_OT_OTHER | Q36: 0.2 | R36: 0.5 | S36: 0.2 | T36: 0.5
A37: SUM | H37: =SUM(H32:H36) -> 348.56 | K37: =SUM(K32:K36) -> 177.052 | N37: =SUM(N32:N36) -> 30.0425
A38: ALL SUM | H38: 348.57 | K38: 321.88 | N38: 320.86
A40: CH4 emissions from non-road transport (kt CH4)
H41: 2020 | K41: 2035 | N41: 2050
A42: TRA_OT_CNS | H42: 15.11 | K42: 16.27 | N42: 16.88
A43: TRA_OT_AGR | H43: 14.3 | K43: 14.08 | N43: 13.3
A44: TRA_OT_RAI | H44: 4.74 | K44: 4.2 | N44: 3.31
A45: TRA_OT_SHIP_NAT | H45: 16.34 | K45: 20.33 | N45: 20.62
A46: TRA_OT_OTHER | H46: 11.44 | K46: 10.6 | N46: 10.56
A47: SUM | H47: 61.95 | K47: 65.49 | N47: 64.65
A48: ALL SUM | H48: 61.92 | K48: 65.49 | N48: 64.68

Sheet Agg2
A1: Sector | B1: Sub-Sector | C1: Species | D1: Unit | E1: 1990 | F1: 1995 | G1: 2000 | H1: 2005 | I1: 2010 | J1: 2015 | K1: 2020 | L1: 2025 | M1: 2030 | N1: 2035 | O1: 2040 | P1: 2045 | Q1: 2050
A2: off-road | B2: TRA_OT_CNS | C2: co2 | D2: Mt | E2: 122 | F2: 100.99 | G2: 110.09 | H2: 116 | I2: 119.42 | J2: 135.7 | K2: 259.09 | L2: 264.83 | M2: 258.71 | N2: 273.47 | O2: 287.07 | P2: 284.86 | Q2: 279.65
A3: off-road | B3: TRA_OT_AGR | C3: co2 | D3: Mt | E3: 218.22 | F3: 227.75 | G3: 201.59 | H3: 227.26 | I3: 227.06 | J3: 222.61 | K3: 244.1 | L3: 245.81 | M3: 241.81 | N3: 236.74 | O3: 232.24 | P3: 229.91 | Q3: 221.23
A4: off-road | B4: TRA_OT_RAI | C4: co2 | D4: Mt | E4: 92.03 | F4: 74.01 | G4: 82.09 | H4: 98.26 | I4: 82.94 | J4: 90.4 | K4: 82.05 | L4: 77.59 | M4: 73.8 | N4: 70.4 | O4: 66.31 | P4: 61.24 | Q4: 55.17
A5: off-road | B5: TRA_OT_SHIP_NAT | C5: co2 | D5: Mt | E5: 74.87 | F5: 61.53 | G5: 129.96 | H5: 140.41 | I5: 146.93 | J5: 180.01 | K5: 169.28 | L5: 185.68 | M5: 199.43 | N5: 210.09 | O5: 216.53 | P5: 218.22 | Q5: 213.11
A6: off-road | B6: TRA_OT_OTHER | C6: co2 | D6: Mt | E6: 311.24 | F6: 284.69 | G6: 309.03 | H6: 327.79 | I6: 332.55 | J6: 378.04 | K6: 380.94 | L6: 408.63 | M6: 443.57 | N6: 483.8 | O6: 530 | P6: 579.66 | Q6: 631.17
A7: off-road | B7: TRA_OT_CNS | C7: bc | D7: kt | E7: 98.19 | F7: 82.21 | G7: 88.79 | H7: 86.46 | I7: 84.62 | J7: 82.66 | K7: 115.69 | L7: 103.7 | M7: 93.89 | N7: 99.9 | O7: 105.81 | P7: 105.41 | Q7: 104.79
A8: off-road | B8: TRA_OT_AGR | C8: bc | D8: kt | E8: 148.32 | F8: 156.19 | G8: 140.44 | H8: 148.52 | I8: 140.75 | J8: 124.82 | K8: 104.56 | L8: 93.27 | M8: 86.95 | N8: 84.02 | O8: 81.85 | P8: 80.22 | Q8: 77.93
A9: off-road | B9: TRA_OT_RAI | C9: bc | D9: kt | E9: 54.66 | F9: 44.03 | G9: 48.81 | H9: 56.54 | I9: 46.19 | J9: 44.49 | K9: 35.66 | L9: 30.29 | M9: 27.55 | N9: 25.7 | O9: 25.31 | P9: 24.5 | Q9: 22.9
A10: off-road | B10: TRA_OT_SHIP_NAT | C10: bc | D10: kt | E10: 27.88 | F10: 23.29 | G10: 67.73 | H10: 72.71 | I10: 76.66 | J10: 94.26 | K10: 85.66 | L10: 93.98 | M10: 100.64 | N10: 106.99 | O10: 110.91 | P10: 112.66 | Q10: 110.31
A11: off-road | B11: TRA_OT_OTHER | C11: bc | D11: kt | E11: 16.97 | F11: 7.55 | G11: 5.93 | H11: 8.47 | I11: 8.88 | J11: 8.91 | K11: 6.99 | L11: 6.22 | M11: 5.62 | N11: 5.22 | O11: 5.02 | P11: 4.92 | Q11: 4.93
A12: off-road | B12: TRA_OT_CNS | C12: ch4 | D12: kt | E12: 6.91 | F12: 5.7 | G12: 6.24 | H12: 6.57 | I12: 6.86 | J12: 7.88 | K12: 15.11 | L12: 15.5 | M12: 15.34 | N12: 16.27 | O12: 17.22 | P12: 17.14 | Q12: 16.88
... A16: off-road | B16: TRA_OT_OTHER | C16: ch4 | D16: kt | E16: 12.18 | F16: 8.97 | G16: 7.57 | H16: 7.87 | I16: 8.66 | J16: 9.37 | K16: 11.44 | L16: 10.8 | M16: 10.6 | N16: 10.6 | O16: 10.64 | P16: 10.56 | Q16: 10.56

Sheet Non-road CO2_CLEAN
A1: Region | B1: Sector | C1: 1990 | D1: 1995 | E1: 2000 | F1: 2005 | G1: 2010 | H1: 2015 | I1: 2020 | J1: 2025 | K1: 2030 | L1: 2035 | M1: 2040 | N1: 2045 | O1: 2050
A2: AFRI_EAST | B2: TRA_OTH
A3: AFRI_EAST | B3: TRA_OT_CNS | C3: 0.36 | D3: 0.51 | E3: 0.57 | F3: 0.71 | G3: 0.83 | H3: 1.75 | I3: 2.42 | J3: 2.72 | K3: 3.17 | L3: 3.74 | M3: 4.42 | N3: 5.14 | O3: 5.89
A4: AFRI_EAST | B4: TRA_OT_AGR | C4: 0.28 | D4: 0.38 | E4: 0.59 | F4: 0.8 | G4: 0.51 | H4: 0.63 | I4: 0.2 | J4: 0.21 | K4: 0.21 | L4: 0.22 | M4: 0.22 | N4: 0.21 | O4: 0.21
A5: AFRI_EAST | B5: TRA_OT_RAI | C5: 0.13 | D5: 0.08 | E5: 0.08 | F5: 0.1 | G5: 0.08 | H5: 0.2 | I5: 0.26 | J5: 0.3 | K5: 0.36 | L5: 0.43 | M5: 0.51 | N5: 0.61 | O5: 0.71
A6: AFRI_EAST | B6: TRA_OT_SHIP_NAT
A7: AFRI_EAST | B7: TRA_OT_OTHER | C7: 0.81 | D7: 1.05 | E7: 1.13 | F7: 2.04 | G7: 2.27 | H7: 2.73 | I7: 0.88 | J7: 1.03 | K7: 1.24 | L7: 1.5 | M7: 1.79 | N7: 2.12 | O7: 2.47
A8: AFRI_EAST | B8: SUM | C8: 1.58 | D8: 2.02 | E8: 2.38 | F8: 3.65 | G8: 3.7 | H8: 5.31 | I8: 3.75 | J8: 4.25 | K8: 4.98 | L8: 5.88 | M8: 6.94 | N8: 8.08 | O8: 9.29
A9: AFRI_NORT | B9: TRA_OTH
A10: AFRI_NORT | B10: TRA_OT_CNS | C10: 3.27 | D10: 2.69 | E10: 4.75 | F10: 4.18 | G10: 4.81 | H10: 5.54 | I10: 7.49 | J10: 6.43 | K10: 4.87 | L10: 4.93 | M10: 5.07 | N10: 4.82 | O10: 4.56
A11: AFRI_NORT | B11: TRA_OT_AGR | C11: 1.13 | D11: 1.57 | E11: 1.95 | F11: 6.55 | G11: 7.67 | H11: 4.64 | I11: 5.99 | J11: 6.93 | K11: 7.74 | L11: 8.28 | M11: 8.94 | N11: 9.6 | O11: 10.25
A12: AFRI_NORT | B12: TRA_OT_RAI | C12: 0.03 | E12: 0.04 | F12: 0.04 | G12: 0.27 | H12: 0.13 | I12: 0.42 | J12: 0.41 | K12: 0.4 | L12: 0.4 | M12: 0.39 | N12: 0.39 | O12: 0.39
A13: AFRI_NORT | B13: TRA_OT_SHIP_NAT | C13: 0.97 | D13: 1.21 | E13: 2.42 | F13: 1.43 | G13: 1.69 | H13: 0.8 | I13: 0.88 | J13: 1.06 | K13: 1.22 | L13: 1.32 | M13: 1.39 | N13: 1.4
A14: AFRI_NORT | B14: TRA_OT_OTHER | C14: 0.62 | D14: 1.31 | E14: 1.37 | F14: 1.47 | G14: 1.71 | H14: 1.35 | I14: 2.39 | J14: 2.73 | K14: 3 | L14: 3.26 | M14: 3.5 | N14: 3.68 | O14: 3.84
A15: AFRI_NORT | B15: SUM | C15: 6.02 | D15: 6.78 | E15: 10.53 | F15: 13.66 | G15: 16.15 | H15: 12.46 | I15: 17.17 | J15: 17.56 | K15: 17.24 | L15: 18.19 | M15: 19.29 | N15: 19.89 | O15: 19.04
A16: AFRI_WEST | B16: TRA_OTH
A17: AFRI_WEST | B17: TRA_OT_CNS | C17: 0.51 | D17: 0.73 | E17: 0.98 | F17: 1.11 | G17: 1.65 | H17: 2.47 | I17: 4.03 | J17: 4.95 | K17: 5.76 | L17: 6.81 | M17: 8.04 | N17: 9.35 | O17: 10.73
A18: AFRI_WEST | B18: TRA_OT_AGR | C18: 0.54 | D18: 0.73 | E18: 1.14 | F18: 0.89 | G18: 1.25 | H18: 2 | I18: 0.63 | J18: 0.65 | K18: 0.67 | L18: 0.68 | M18: 0.68 | N18: 0.67 | O18: 0.66
A19: AFRI_WEST | B19: TRA_OT_RAI | C19: 0.56 | D19: 0.34 | E19: 0.47 | F19: 0.42 | G19: 0.41 | H19: 0.9 | I19: 1.13 | J19: 1.31 | K19: 1.58 | L19: 1.9 | M19: 2.27 | N19: 2.69 | O19: 3.15
A20: AFRI_WEST | B20: TRA_OT_SHIP_NAT | E20: 0.52 | F20: 0.54 | G20: 0.64 | H20: 1.39 | I20: 1.49 | J20: 1.57 | K20: 1.73 | L20: 1.92 | M20: 2.1 | N20: 2.28 | O20: 2.43
A21: AFRI_WEST | B21: TRA_OT_OTHER | C21: 1.31 | D21: 1.7 | E21: 3.28 | F21: 4.99 | G21: 2.61 | H21: 2.88 | I21: 0.93 | J21: 1.09 | K21: 1.32 | L21: 1.59 | M21: 1.9 | N21: 2.24 | O21: 2.61
A22: AFRI_WEST | B22: SUM | C22: 2.92 | D22: 3.5 | E22: 6.39 | F22: 7.94 | G22: 6.56 | H22: 9.65 | I22: 8.21 | J22: 9.58 | K22: 11.06 | L22: 12.89 | M22: 15 | N22: 17.24 | O22: 19.58
A23: ASIA_STAN | B23: TRA_OTH
A24: ASIA_STAN | B24: TRA_OT_CNS | C24: 4.3 | D24: 2.96 | E24: 1.4 | F24: 1.54 | G24: 0.6 | H24: 2.4 | I24: 1.86 | J24: 1.95 | K24: 2.13 | L24: 2.22 | M24: 2.39 | N24: 2.35 | O24: 2.28
A25: ASIA_STAN | B25: TRA_OT_AGR | C25: 2.59 | D25: 1.8 | E25: 1.36 | F25: 1.5 | G25: 1.14 | H25: 1.3 | I25: 0.83 | J25: 0.95 | K25: 1.05 | L25: 1.01 | M25: 0.96 | N25: 0.91 | O25: 0.84
A26: ASIA_STAN | B26: TRA_OT_RAI | C26: 1.41 | D26: 0.98 | E26: 0.86 | F26: 0.95 | G26: 0.6 | H26: 0.27 | I26: 0.43 | J26: 0.46 | K26: 0.5 | L26: 0.53 | M26: 0.55 | N26: 0.55 | O26: 0.53
A27: ASIA_STAN | B27: TRA_OT_SHIP_NAT | G27: 0.06 | H27: 0.91
A28: ASIA_STAN | B28: TRA_OT_OTHER | C28: 0.26 | D28: 0.5 | E28: 0.65 | F28: 0.41 | G28: 0.85 | H28: 0.37 | I28: 1.14 | J28: 1.29 | K28: 1.43 | L28: 1.57 | M28: 1.69 | N28: 1.78 | O28: 1.84
A29: ASIA_STAN | B29: SUM | C29: 8.55 | D29: 6.23 | E29: 4.27 | F29: 4.4 | G29: 3.25 | H29: 5.25 | I29: 4.26 | J29: 4.65 | K29: 5.11 | L29: 5.34 | M29: 5.6 | N29: 5.6 | O29: 5.48
A30: BRAZ_WHOL | B30: TRA_OTH
A31: BRAZ_WHOL | B31: TRA_OT_CNS | C31: 0.3 | D31: 0.45 | E31: 0.47 | F31: 0.5 | G31: 0.58 | H31: 0.79 | I31: 0.57 | J31: 0.53 | K31: 0.46 | L31: 0.5 | M31: 0.55 | N31: 0.54 | O31: 0.53
A32: BRAZ_WHOL | B32: TRA_OT_AGR | C32: 7.98 | D32: 10.51 | E32: 10.95 | F32: 11.71 | G32: 13.2 | H32: 14.31 | I32: 15.08 | J32: 15.58 | K32: 16.33 | L32: 16.76 | M32: 16.84 | N32: 16.33 | O32: 15.52
A33: BRAZ_WHOL | B33: TRA_OT_RAI | C33: 1.61 | D33: 1.35 | E33: 1.24 | F33: 1.74 | G33: 2.63 | H33: 2.75 | I33: 2.69 | J33: 2.7 | K33: 2.88 | L33: 3.07 | M33: 3.18 | N33: 3.19 | O33: 3.07
A34: BRAZ_WHOL | B34: TRA_OT_SHIP_NAT | E34: 2.93 | F34: 3.6 | G34: 4.28 | H34: 3.01 | I34: 2.18 | J34: 2.01 | K34: 1.76 | L34: 1.46 | M34: 1.12 | N34: 0.8 | O34: 0.49
A35: BRAZ_WHOL | B35: TRA_OT_OTHER | C35: 5.65 | D35: 7 | E35: 9.14 | F35: 7.45 | G35: 10.43 | H35: 12.24 | I35: 9.78 | J35: 10.48 | K35: 11.74 | L35: 13.42 | M35: 15.27 | N35: 17.48 | O35: 19.43
A36: BRAZ_WHOL | B36: SUM | C36: 15.54 | D36: 19.31 | E36: 24.73 | F36: 25.01 | G36: 31.11 | H36: 33.09 | I36: 30.3 | J36: 31.3 | K36: 33.17 | L36: 35.21 | M36: 36.96 | N36: 38.34 | O36: 39.03
A37: CANA_WHOL | B37: TRA_OTH
A38: CANA_WHOL | B38: TRA_OT_CNS | C38: 3.15 | D38: 3.24 | E38: 4.17 | F38: 2.99 | G38: 3.58 | H38: 3.69 | I38: 12.73 | J38: 11.6 | K38: 10.67 | L38: 10.18 | M38: 9.86 | N38: 9.45 | O38: 9.05
A39: CANA_WHOL | B39: TRA_OT_AGR | C39: 4.58 | D39: 5.71 | E39: 6.47 | F39: 5.94 | G39: 6.06 | H39: 7.31 | I39: 14.87 | J39: 14.63 | K39: 14.44 | L39: 11.99 | M39: 11.72 | N39: 11.36 | O39: 10.89
A40: CANA_WHOL | B40: TRA_OT_RAI | C40: 6.22 | D40: 5.63 | E40: 5.78 | F40: 5.92 | G40: 5.86 | H40: 6.6 | I40: 5.58 | J40: 5.4 | K40: 5.29 | L40: 5.2 | M40: 5.13 | N40: 5.07 | O40: 5.02
A41: CANA_WHOL | B41: TRA_OT_SHIP_NAT | C41: 2.57 | D41: 2.59 | E41: 4.65 | F41: 6.07 | G41: 6.31 | H41: 3.96 | I41: 4.21 | J41: 4.19 | K41: 4.19 | L41: 4.21 | M41: 4.24 | N41: 4.28 | O41: 4.33
A42: CANA_WHOL | B42: TRA_OT_OTHER | C42: 5.33 | D42: 6.11 | E42: 6.88 | F42: 6.12 | G42: 6.04 | H42: 6.88 | I42: 16.58 | J42: 16.84 | K42: 17.53 | L42: 18.53 | M42: 19.76 | N42: 21.06 | O42: 22.4
A43: CANA_WHOL | B43: SUM | C43: 21.84 | D43: 23.27 | E43: 27.95 | F43: 27.04 | G43: 27.84 | H43: 28.45 | I43: 53.96 | J43: 52.67 | K43: 52.12 | L43: 50.1 | M43: 50.7 | N43: 51.23 | O43: 51.67
A44: CEAM_REST | B44: TRA_OTH
A45: CEAM_REST | B45: TRA_OT_CNS | C45: 2.78 | D45: 2.53 | E45: 2.49 | F45: 2.26 | G45: 2.58 | H45: 2.94 | I45: 1.66 | J45: 1.56 | K45: 1.35 | L45: 1.43 | M45: 1.49 | N45: 1.47 | O45: 1.42
A46: CEAM_REST | B46: TRA_OT_AGR | C46: 1.38 | D46: 1.06 | E46: 1.55 | F46: 1.42 | G46: 1.2 | H46: 1.17 | I46: 0.71 | J46: 0.7 | K46: 0.69 | L46: 0.65 | M46: 0.61 | N46: 0.55 | O46: 0.48
A47: CEAM_REST | B47: TRA_OT_RAI | C47: 0.04
A48: CEAM_REST | B48: TRA_OT_SHIP_NAT | C48: 0.77 | D48: 0.38 | E48: 0.42 | F48: 0.51 | G48: 0.22 | H48: 0.25
A49: CEAM_REST | B49: TRA_OT_OTHER | C49: 1.92 | D49: 1.29 | E49: 0.84 | F49: 0.98 | G49: 1.05 | H49: 1.26 | I49: 1.75 | J49: 1.82 | K49: 1.91 | L49: 2 | M49: 2.11 | N49: 2.21 | O49: 2.32
A50: CEAM_REST | B50: SUM | C50: 6.89 | D50: 5.27 | E50: 5.3 | F50: 5.16 | G50: 5.05 | H50: 5.62 | I50: 4.12 | J50: 4.08 | K50: 3.94 | L50: 4.08 | M50: 4.21 | N50: 4.23 | O50: 4.22
A51: CENT_EURO | B51: TRA_OTH
A52: CENT_EURO | B52: TRA_OT_CNS | C52: 3.56 | D52: 1.66 | E52: 2.34 | F52: 2.37 | G52: 2.27 | H52: 2.4 | I52: 1.91 | J52: 1.8 | K52: 1.89 | L52: 2.07 | M52: 2.25 | N52: 2.25 | O52: 2.32
A53: CENT_EURO | B53: TRA_OT_AGR | C53: 11.86 | D53: 10.03 | E53: 8.09 | F53: 7.33 | G53: 7.83 | H53: 7.98 | I53: 6.71 | J53: 6.47 | K53: 5.73 | L53: 5.24 | M53: 4.7 | N53: 4.45 | O53: 4.05
A54: CENT_EURO | B54: TRA_OT_RAI | C54: 4.37 | D54: 3.48 | E54: 2.88 | F54: 2.1 | G54: 2 | H54: 1.91 | I54: 1.16 | J54: 1.13 | K54: 1.12 | L54: 1.08 | M54: 0.99 | N54: 0.83 | O54: 0.61
A55: CENT_EURO | B55: TRA_OT_SHIP_NAT | C55: 1.2 | D55: 0.82 | E55: 0.95 | F55: 1.51 | G55: 1.62 | H55: 1.84 | I55: 1 | J55: 1.02 | K55: 1.03 | L55: 1 | M55: 0.97 | N55: 0.91 | O55: 0.84
A56: CENT_EURO | B56: TRA_OT_OTHER | C56: 1.02 | D56: 0.86 | E56: 0.67 | F56: 0.7 | G56: 0.97 | H56: 0.89 | I56: 0.34 | J56: 0.35 | K56: 0.38 | L56: 0.4 | M56: 0.42 | N56: 0.45 | O56: 0.48
A57: CENT_EURO | B57: SUM | C57: 22.01 | D57: 16.84 | E57: 14.93 | F57: 14.02 | G57: 14.69 | H57: 15.02 | I57: 11.12 | J57: 10.77 | K57: 10.15 | L57: 9.78 | M57: 9.34 | N57: 8.9 | O57: 8.29
A58: CHIN_PLUS | B58: TRA_OTH
A59: CHIN_PLUS | B59: TRA_OT_CNS | C59: 6.08 | D59: 6.66 | E59: 11.24 | F59: 14.19 | G59: 19.66 | H59: 18.46 | I59: 98.63 | J59: 97.76 | K59: 91.63 | L59: 88.61 | M59: 80.79 | N59: 71.87 | O59: 62.26
A60: CHIN_PLUS | B60: TRA_OT_AGR | C60: 34.19 | D60: 43.84 | E60: 17.48 | F60: 32.31 | G60: 29.85 | H60: 36.77 | I60: 55.2 | J60: 55.92 | K60: 54.66 | L60: 52.67 | M60: 50.41 | N60: 47.85 | O60: 45
A61: CHIN_PLUS | B61: TRA_OT_RAI | C61: 1.69 | D61: 0.22 | E61: 11.06 | F61: 19.65 | G61: 16.84 | H61: 10.23 | I61: 10.53 | J61: 10.88 | K61: 10.5 | L61: 9.48 | M61: 7.95 | N61: 6.02 | O61: 3.91
A62: CHIN_PLUS | B62: TRA_OT_SHIP_NAT | C62: 9.25 | D62: 9.62 | E62: 39.77 | F62: 46.98 | G62: 51.01 | H62: 65.16 | I62: 78.58 | J62: 91.88 | K62: 102.94 | L62: 111.39 | M62: 116.99 | N62: 118.77 | O62: 116.29
A63: CHIN_PLUS | B63: TRA_OT_OTHER | C63: 1.96 | D63: 4.09 | E63: 8.66 | F63: 15.58 | G63: 37.37 | H63: 55.4 | I63: 74.72 | J63: 87.59 | K63: 102.15 | L63: 118.53 | M63: 136.78 | N63: 156.41 | O63: 177.06
A64: CHIN_PLUS | B64: SUM | C64: 53.17 | D64: 64.43 | E64: 88.22 | F64: 128.71 | G64: 154.74 | H64: 186.02 | I64: 317.66 | J64: 344.02 | K64: 361.88 | L64: 380.69 | M64: 392.91 | N64: 400.93 | O64: 404.52
A65: INDI_WHOL | B65: TRA_OTH
A66: INDI_WHOL | B66: TRA_OT_CNS | C66: 1.82 | D66: 2.7 | E66: 4.07 | F66: 3.5 | G66: 4.71 | H66: 4.46 | I66: 20.46 | J66: 26.93 | K66: 32.32 | L66: 43.49 | M66: 59.02 | N66: 66.54 | O66: 71.99
A67: INDI_WHOL | B67: TRA_OT_AGR | C67: 2.11 | D67: 2.76 | E67: 16.88 | F67: 15.68 | G67: 17.06 | H67: 19.86 | I67: 10.46 | J67: 13.02 | K67: 12.44 | L67: 15.37 | M67: 17.63 | N67: 23.81 | O67: 25.23
A68: INDI_WHOL | B68: TRA_OT_RAI | C68: 4.7 | D68: 4.52 | E68: 4.62 | F68: 5.94 | G68: 7.25 | H68: 8.16 | I68: 8.35 | J68: 9.41 | K68: 10 | L68: 10.82 | M68: 11.22 | N68: 11.03 | O68: 10.19
A69: INDI_WHOL | B69: TRA_OT_SHIP_NAT | E69: 1.58 | F69: 2.17 | G69: 2.53 | H69: 2.17 | I69: 2.48 | J69: 3.17 | K69: 3.89 | L69: 4.74 | M69: 5.62 | N69: 6.43 | O69: 7.16
A70: INDI_WHOL | B70: TRA_OT_OTHER | C70: 1.36 | D70: 1.74 | E70: 5 | F70: 7.46 | G70: 11.98 | H70: 15.09 | I70: 7.95 | J70: 10.84 | K70: 14.39 | L70: 18.63 | M70: 23.5 | N70: 28.78 | O70: 34.24
A71: INDI_WHOL | B71: SUM | C71: 9.99 | D71: 11.72 | E71: 32.15 | F71: 34.75 | G71: 43.52 | H71: 49.74 | I71: 49.69 | J71: 63.37 | K71: 73.05 | L71: 93.05 | M71: 116.98 | N71: 136.59 | O71: 148.82
A72: INDO_PLUS | B72: TRA_OTH
A73: INDO_PLUS | B73: TRA_OT_CNS | C73: 2.26 | D73: 2.81 | E73: 2.29 | F73: 3.59 | G73: 3.48 | H73: 1.74 | I73: 6.61 | J73: 7.11 | K73: 6.81 | L73: 7.65 | M73: 7.82 | N73: 6.99 | O73: 6.1
A74: INDO_PLUS | B74: TRA_OT_AGR | C74: 2.16 | D74: 3.59 | E74: 6.62 | F74: 6.93 | G74: 7.15 | H74: 3.6 | I74: 4.7 | J74: 4.96 | K74: 5.13 | L74: 5.23 | M74: 5.24 | N74: 5.18 | O74: 5.04
A75: INDO_PLUS | B75: TRA_OT_RAI
A76: INDO_PLUS | B76: TRA_OT_SHIP_NAT | E76: 5.08 | F76: 4.15 | G76: 6.07 | H76: 6.92 | I76: 7.41 | J76: 9.1 | K76: 10.7 | L76: 12.13 | M76: 13.24 | N76: 13.92 | O76: 14.1
A77: INDO_PLUS | B77: TRA_OT_OTHER | C77: 0.86 | D77: 2.17 | E77: 1.63 | F77: 2.53 | G77: 3.84 | H77: 4.71 | I77: 9.48 | J77: 10.75 | K77: 11.9 | L77: 13.18 | M77: 14.56 | N77: 15.97 | O77: 17.41
A78: INDO_PLUS | B78: SUM | C78: 5.28 | D78: 8.57 | E78: 15.61 | F78: 17.2 | G78: 20.54 | H78: 16.97 | I78: 28.2 | J78: 31.92 | K78: 34.54 | L78: 38.19 | M78: 40.85 | N78: 42.05 | O78: 42.65
A79: JAPA_WHOL | B79: TRA_OTH
A80: JAPA_WHOL | B80: TRA_OT_CNS | C80: 10.37 | D80: 11.17 | E80: 8.26 | F80: 7.51 | G80: 6.06 | H80: 5.02 | I80: 6.85 | J80: 6.77 | K80: 6.67 | L80: 6.5 | M80: 6.3 | N80: 5.84 | O80: 5.39
A81: JAPA_WHOL | B81: TRA_OT_AGR | C81: 3.07 | D81: 3.35 | E81: 0.25 | F81: 0.27 | G81: 0.42 | H81: 0.31 | I81: 8.65 | J81: 8.07 | K81: 7.59 | L81: 7.37 | M81: 7.07 | N81: 6.7 | O81: 6.35
A82: JAPA_WHOL | B82: TRA_OT_RAI | C82: 0.94 | D82: 0.83 | E82: 0.71 | F82: 0.65 | G82: 0.57 | H82: 0.54 | I82: 0.34 | J82: 0.21 | K82: 0.13 | L82: 0.08 | M82: 0.04 | N82: 0.02 | O82: 0
A83: JAPA_WHOL | B83: TRA_OT_SHIP_NAT | E83: 16.42 | F83: 14.23 | G83: 11.77 | H83: 11.44
A84: JAPA_WHOL | B84: TRA_OT_OTHER | C84: 7.01 | D84: 10.17 | E84: 10.36 | F84: 10.44 | G84: 8.3 | H84: 9.42 | I84: 9.26 | J84: 8.95 | K84: 8.8 | L84: 8.6 | M84: 8.3 | N84: 7.96 | O84: 7.51
A85: JAPA_WHOL | B85: SUM | C85: 21.39 | D85: 25.52 | E85: 36 | F85: 33.1 | G85: 27.13 | H85: 26.73 | I85: 25.09 | J85: 24 | K85: 23.2 | L85: 22.56 | M85: 21.71 | N85: 20.52 | O85: 19.25
A86: KORE_AALL | B86: TRA_OTH
A87: KORE_AALL | B87: TRA_OT_CNS | C87: 1.59 | D87: 2.08 | E87: 1.23 | F87: 1.01 | G87: 1.55 | H87: 1.65 | I87: 2.25 | J87: 2.65 | K87: 3.04 | L87: 3.39 | M87: 3.4 | N87: 3.32 | O87: 3.19
A88: KORE_AALL | B88: TRA_OT_AGR | C88: 3.25 | D88: 5.37 | E88: 6.24 | F88: 2.17 | G88: 2.07 | H88: 0.84 | I88: 0.66 | J88: 0.69 | K88: 0.67 | L88: 0.68 | M88: 0.63 | N88: 0.57 | O88: 0.5
A89: KORE_AALL | B89: TRA_OT_RAI | C89: 0.88 | D89: 0.92 | E89: 0.96 | F89: 0.8 | G89: 0.56 | H89: 0.34 | I89: 0.23 | J89: 0.19 | K89: 0.16 | L89: 0.14 | M89: 0.12 | N89: 0.1 | O89: 0.09
A90: KORE_AALL | B90: TRA_OT_SHIP_NAT | E90: 4.11 | F90: 5.12 | G90: 4.25 | H90: 2.61 | I90: 1.41 | J90: 1.19 | K90: 0.99 | L90: 0.8 | M90: 0.62 | N90: 0.45 | O90: 0.29
A91: KORE_AALL | B91: TRA_OT_OTHER | C91: 2.14 | D91: 3.4 | E91: 2.95 | F91: 3.97 | G91: 4.48 | H91: 5.45 | I91: 3.69 | J91: 3.79 | K91: 3.84 | L91: 3.88 | M91: 3.9 | N91: 3.94 | O91: 3.95
A92: KORE_AALL | B92: SUM | C92: 7.86 | D92: 11.78 | E92: 15.49 | F92: 13.08 | G92: 12.91 | H92: 10.9 | I92: 8.24 | J92: 8.5 | K92: 8.71 | L92: 8.88 | M92: 8.68 | N92: 8.38 | O92: 8.02
A93: LAME_REST | B93: TRA_OTH
A94: LAME_REST | B94: TRA_OT_CNS | C94: 3.26 | D94: 4.32 | E94: 5.2 | F94: 6.75 | G94: 9.92 | H94: 9.21 | I94: 12.57 | J94: 13.43 | K94: 13.54 | L94: 14.55 | M94: 15.46 | N94: 15.56 | O94: 15.48
A95: LAME_REST | B95: TRA_OT_AGR | C95: 4.62 | D95: 8.08 | E95: 8.39 | F95: 11.63 | G95: 10.84 | H95: 12.47 | I95: 9.6 | J95: 9.53 | K95: 9.32 | L95: 8.84 | M95: 8.25 | N95: 7.5 | O95: 6.57
A96: LAME_REST | B96: TRA_OT_RAI | C96: 0.21 | D96: 0.14 | E96: 0.15 | F96: 0.18 | G96: 0.24 | H96: 0.25 | I96: 0.13 | J96: 0.12 | K96: 0.1 | L96: 0.09 | M96: 0.08 | N96: 0.07 | O96: 0.05
A97: LAME_REST | B97: TRA_OT_SHIP_NAT | C97: 1.7 | D97: 1.41 | E97: 2.37 | F97: 3.19 | G97: 4 | H97: 4.53 | I97: 1.11 | J97: 1.1 | K97: 1.11 | L97: 1.12 | M97: 1.13 | N97: 1.13 | O97: 1.12
A98: LAME_REST | B98: TRA_OT_OTHER | C98: 1.54 | D98: 2.99 | E98: 2.83 | F98: 2.73 | G98: 2.97 | H98: 3.66 | I98: 3.73 | J98: 4.13 | K98: 4.61 | L98: 5.16 | M98: 5.75 | N98: 6.35 | O98: 6.93
A99: LAME_REST | B99: SUM | C99: 11.33 | D99: 16.95 | E99: 18.94 | F99: 24.49 | G99: 27.96 | H99: 30.12 | I99: 27.14 | J99: 28.3 | K99: 28.68 | L99: 29.76 | M99: 30.66 | N99: 30.6 | O99: 30.15
A100: MEXI_WHOL | B100: TRA_OTH
...

Sheet Non-road CO2
A1: CO2 emissions from non-road transport
A3: Pollutant: CO2
A4: Scenario: ECLIPSE_V6b_CLE_base
A5: Region: All EMF Regions
A6: UserID: jm110
A7: Unit: Mt CO2
A10: Region | B10: [kt/yr] | C10: 1990 | D10: 1995 | E10: 2000 | F10: 2005 | G10: 2010 | H10: 2015 | I10: 2020 | J10: 2025 | K10: 2030 | L10: 2035 | M10: 2040 | N10: 2045 | O10: 2050
A11: AFRI_EAST | B11: TRA_OTH
A12: AFRI_EAST | B12: TRA_OT_CNS | C12: 0.36 | D12: 0.51 | E12: 0.57 | F12: 0.71 | G12: 0.83 | H12: 1.75 | I12: 2.42 | J12: 2.72 | K12: 3.17 | L12: 3.74 | M12: 4.42 | N12: 5.14 | O12: 5.89
A13: AFRI_EAST | B13: TRA_OT_AGR | C13: 0.28 | D13: 0.38 | E13: 0.59 | F13: 0.8 | G13: 0.51 | H13: 0.63 | I13: 0.2 | J13: 0.21 | K13: 0.21 | L13: 0.22 | M13: 0.22 | N13: 0.21 | O13: 0.21
A14: AFRI_EAST | B14: TRA_OT_RAI | C14: 0.13 | D14: 0.08 | E14: 0.08 | F14: 0.1 | G14: 0.08 | H14: 0.2 | I14: 0.26 | J14: 0.3 | K14: 0.36 | L14: 0.43 | M14: 0.51 | N14: 0.61 | O14: 0.71
A15: AFRI_EAST | B15: TRA_OT_SHIP_NAT
A16: AFRI_EAST | B16: TRA_OT_OTHER | C16: 0.81 | D16: 1.05 | E16: 1.13 | F16: 2.04 | G16: 2.27 | H16: 2.73 | I16: 0.88 | J16: 1.03 | K16: 1.24 | L16: 1.5 | M16: 1.79 | N16: 2.12 | O16: 2.47
A17: AFRI_EAST | B17: SUM | C17: 1.58 | D17: 2.02 | E17: 2.38 | F17: 3.65 | G17: 3.7 | H17: 5.31 | I17: 3.75 | J17: 4.25 | K17: 4.98 | L17: 5.88 | M17: 6.94 | N17: 8.08 | O17: 9.29
A18: AFRI_NORT | B18: TRA_OTH
A19: AFRI_NORT | B19: TRA_OT_CNS | C19: 3.27 | D19: 2.69 | E19: 4.75 | F19: 4.18 | G19: 4.81 | H19: 5.54 | I19: 7.49 | J19: 6.43 | K19: 4.87 | L19: 4.93 | M19: 5.07 | N19: 4.82 | O19: 4.56
A20: AFRI_NORT | B20: TRA_OT_AGR | C20: 1.13 | D20: 1.57 | E20: 1.95 | F20: 6.55 | G20: 7.67 | H20: 4.64 | I20: 5.99 | J20: 6.93 | K20: 7.74 | L20: 8.28 | M20: 8.94 | N20: 9.6 | O20: 10.25
A21: AFRI_NORT | B21: TRA_OT_RAI | C21: 0.03 | E21: 0.04 | F21: 0.04 | G21: 0.27 | H21: 0.13 | I21: 0.42 | J21: 0.41 | K21: 0.4 | L21: 0.4 | M21: 0.39 | N21: 0.39 | O21: 0.39
A22: AFRI_NORT | B22: TRA_OT_SHIP_NAT | C22: 0.97 | D22: 1.21 | E22: 2.42 | F22: 1.43 | G22: 1.69 | H22: 0.8 | I22: 0.88 | J22: 1.06 | K22: 1.22 | L22: 1.32 | M22: 1.39 | N22: 1.4
A23: AFRI_NORT | B23: TRA_OT_OTHER | C23: 0.62 | D23: 1.31 | E23: 1.37 | F23: 1.47 | G23: 1.71 | H23: 1.35 | I23: 2.39 | J23: 2.73 | K23: 3 | L23: 3.26 | M23: 3.5 | N23: 3.68 | O23: 3.84
A24: AFRI_NORT | B24: SUM | C24: 6.02 | D24: 6.78 | E24: 10.53 | F24: 13.66 | G24: 16.15 | H24: 12.46 | I24: 17.17 | J24: 17.56 | K24: 17.24 | L24: 18.19 | M24: 19.29 | N24: 19.89 | O24: 19.04
A25: AFRI_WEST | B25: TRA_OTH
A26: AFRI_WEST | B26: TRA_OT_CNS | C26: 0.51 | D26: 0.73 | E26: 0.98 | F26: 1.11 | G26: 1.65 | H26: 2.47 | I26: 4.03 | J26: 4.95 | K26: 5.76 | L26: 6.81 | M26: 8.04 | N26: 9.35 | O26: 10.73
A27: AFRI_WEST | B27: TRA_OT_AGR | C27: 0.54 | D27: 0.73 | E27: 1.14 | F27: 0.89 | G27: 1.25 | H27: 2 | I27: 0.63 | J27: 0.65 | K27: 0.67 | L27: 0.68 | M27: 0.68 | N27: 0.67 | O27: 0.66
A28: AFRI_WEST | B28: TRA_OT_RAI | C28: 0.56 | D28: 0.34 | E28: 0.47 | F28: 0.42 | G28: 0.41 | H28: 0.9 | I28: 1.13 | J28: 1.31 | K28: 1.58 | L28: 1.9 | M28: 2.27 | N28: 2.69 | O28: 3.15
A29: AFRI_WEST | B29: TRA_OT_SHIP_NAT | E29: 0.52 | F29: 0.54 | G29: 0.64 | H29: 1.39 | I29: 1.49 | J29: 1.57 | K29: 1.73 | L29: 1.92 | M29: 2.1 | N29: 2.28 | O29: 2.43
A30: AFRI_WEST | B30: TRA_OT_OTHER | C30: 1.31 | D30: 1.7 | E30: 3.28 | F30: 4.99 | G30: 2.61 | H30: 2.88 | I30: 0.93 | J30: 1.09 | K30: 1.32 | L30: 1.59 | M30: 1.9 | N30: 2.24 | O30: 2.61
A31: AFRI_WEST | B31: SUM | C31: 2.92 | D31: 3.5 | E31: 6.39 | F31: 7.94 | G31: 6.56 | H31: 9.65 | I31: 8.21 | J31: 9.58 | K31: 11.06 | L31: 12.89 | M31: 15 | N31: 17.24 | O31: 19.58
A32: ASIA_STAN | B32: TRA_OTH
A33: ASIA_STAN | B33: TRA_OT_CNS | C33: 4.3 | D33: 2.96 | E33: 1.4 | F33: 1.54 | G33: 0.6 | H33: 2.4 | I33: 1.86 | J33: 1.95 | K33: 2.13 | L33: 2.22 | M33: 2.39 | N33: 2.35 | O33: 2.28
A34: ASIA_STAN | B34: TRA_OT_AGR | C34: 2.59 | D34: 1.8 | E34: 1.36 | F34: 1.5 | G34: 1.14 | H34: 1.3 | I34: 0.83 | J34: 0.95 | K34: 1.05 | L34: 1.01 | M34: 0.96 | N34: 0.91 | O34: 0.84
A35: ASIA_STAN | B35: TRA_OT_RAI | C35: 1.41 | D35: 0.98 | E35: 0.86 | F35: 0.95 | G35: 0.6 | H35: 0.27 | I35: 0.43 | J35: 0.46 | K35: 0.5 | L35: 0.53 | M35: 0.55 | N35: 0.55 | O35: 0.53
A36: ASIA_STAN | B36: TRA_OT_SHIP_NAT | G36: 0.06 | H36: 0.91
A37: ASIA_STAN | B37: TRA_OT_OTHER | C37: 0.26 | D37: 0.5 | E37: 0.65 | F37: 0.41 | G37: 0.85 | H37: 0.37 | I37: 1.14 | J37: 1.29 | K37: 1.43 | L37: 1.57 | M37: 1.69 | N37: 1.78 | O37: 1.84
A38: ASIA_STAN | B38: SUM | C38: 8.55 | D38: 6.23 | E38: 4.27 | F38: 4.4 | G38: 3.25 | H38: 5.25 | I38: 4.26 | J38: 4.65 | K38: 5.11 | L38: 5.34 | M38: 5.6 | N38: 5.6 | O38: 5.48
A39: BRAZ_WHOL | B39: TRA_OTH
A40: BRAZ_WHOL | B40: TRA_OT_CNS | C40: 0.3 | D40: 0.45 | E40: 0.47 | F40: 0.5 | G40: 0.58 | H40: 0.79 | I40: 0.57 | J40: 0.53 | K40: 0.46 | L40: 0.5 | M40: 0.55 | N40: 0.54 | O40: 0.53
A41: BRAZ_WHOL | B41: TRA_OT_AGR | C41: 7.98 | D41: 10.51 | E41: 10.95 | F41: 11.71 | G41: 13.2 | H41: 14.31 | I41: 15.08 | J41: 15.58 | K41: 16.33 | L41: 16.76 | M41: 16.84 | N41: 16.33 | O41: 15.52
A42: BRAZ_WHOL | B42: TRA_OT_RAI | C42: 1.61 | D42: 1.35 | E42: 1.24 | F42: 1.74 | G42: 2.63 | H42: 2.75 | I42: 2.69 | J42: 2.7 | K42: 2.88 | L42: 3.07 | M42: 3.18 | N42: 3.19 | O42: 3.07
A43: BRAZ_WHOL | B43: TRA_OT_SHIP_NAT | E43: 2.93 | F43: 3.6 | G43: 4.28 | H43: 3.01 | I43: 2.18 | J43: 2.01 | K43: 1.76 | L43: 1.46 | M43: 1.12 | N43: 0.8 | O43: 0.49
A44: BRAZ_WHOL | B44: TRA_OT_OTHER | C44: 5.65 | D44: 7 | E44: 9.14 | F44: 7.45 | G44: 10.43 | H44: 12.24 | I44: 9.78 | J44: 10.48 | K44: 11.74 | L44: 13.42 | M44: 15.27 | N44: 17.48 | O44: 19.43
A45: BRAZ_WHOL | B45: SUM | C45: 15.54 | D45: 19.31 | E45: 24.73 | F45: 25.01 | G45: 31.11 | H45: 33.09 | I45: 30.3 | J45: 31.3 | K45: 33.17 | L45: 35.21 | M45: 36.96 | N45: 38.34 | O45: 39.03
A46: CANA_WHOL | B46: TRA_OTH
A47: CANA_WHOL | B47: TRA_OT_CNS | C47: 3.15 | D47: 3.24 | E47: 4.17 | F47: 2.99 | G47: 3.58 | H47: 3.69 | I47: 12.73 | J47: 11.6 | K47: 10.67 | L47: 10.18 | M47: 9.86 | N47: 9.45 | O47: 9.05
A48: CANA_WHOL | B48: TRA_OT_AGR | C48: 4.58 | D48: 5.71 | E48: 6.47 | F48: 5.94 | G48: 6.06 | H48: 7.31 | I48: 14.87 | J48: 14.63 | K48: 14.44 | L48: 11.99 | M48: 11.72 | N48: 11.36 | O48: 10.89
A49: CANA_WHOL | B49: TRA_OT_RAI | C49: 6.22 | D49: 5.63 | E49: 5.78 | F49: 5.92 | G49: 5.86 | H49: 6.6 | I49: 5.58 | J49: 5.4 | K49: 5.29 | L49: 5.2 | M49: 5.13 | N49: 5.07 | O49: 5.02
A50: CANA_WHOL | B50: TRA_OT_SHIP_NAT | C50: 2.57 | D50: 2.59 | E50: 4.65 | F50: 6.07 | G50: 6.31 | H50: 3.96 | I50: 4.21 | J50: 4.19 | K50: 4.19 | L50: 4.21 | M50: 4.24 | N50: 4.28 | O50: 4.33
A51: CANA_WHOL | B51: TRA_OT_OTHER | C51: 5.33 | D51: 6.11 | E51: 6.88 | F51: 6.12 | G51: 6.04 | H51: 6.88 | I51: 16.58 | J51: 16.84 | K51: 17.53 | L51: 18.53 | M51: 19.76 | N51: 21.06 | O51: 22.4
A52: CANA_WHOL | B52: SUM | C52: 21.84 | D52: 23.27 | E52: 27.95 | F52: 27.04 | G52: 27.84 | H52: 28.45 | I52: 53.96 | J52: 52.67 | K52: 52.12 | L52: 50.1 | M52: 50.7 | N52: 51.23 | O52: 51.67
A53: CEAM_REST | B53: TRA_OTH
A54: CEAM_REST | B54: TRA_OT_CNS | C54: 2.78 | D54: 2.53 | E54: 2.49 | F54: 2.26 | G54: 2.58 | H54: 2.94 | I54: 1.66 | J54: 1.56 | K54: 1.35 | L54: 1.43 | M54: 1.49 | N54: 1.47 | O54: 1.42
A55: CEAM_REST | B55: TRA_OT_AGR | C55: 1.38 | D55: 1.06 | E55: 1.55 | F55: 1.42 | G55: 1.2 | H55: 1.17 | I55: 0.71 | J55: 0.7 | K55: 0.69 | L55: 0.65 | M55: 0.61 | N55: 0.55 | O55: 0.48
A56: CEAM_REST | B56: TRA_OT_RAI | C56: 0.04
A57: CEAM_REST | B57: TRA_OT_SHIP_NAT | C57: 0.77 | D57: 0.38 | E57: 0.42 | F57: 0.51 | G57: 0.22 | H57: 0.25
A58: CEAM_REST | B58: TRA_OT_OTHER | C58: 1.92 | D58: 1.29 | E58: 0.84 | F58: 0.98 | G58: 1.05 | H58: 1.26 | I58: 1.75 | J58: 1.82 | K58: 1.91 | L58: 2 | M58: 2.11 | N58: 2.21 | O58: 2.32
A59: CEAM_REST | B59: SUM | C59: 6.89 | D59: 5.27 | E59: 5.3 | F59: 5.16 | G59: 5.05 | H59: 5.62 | I59: 4.12 | J59: 4.08 | K59: 3.94 | L59: 4.08 | M59: 4.21 | N59: 4.23 | O59: 4.22
A60: CENT_EURO | B60: TRA_OTH
A61: CENT_EURO | B61: TRA_OT_CNS | C61: 3.56 | D61: 1.66 | E61: 2.34 | F61: 2.37 | G61: 2.27 | H61: 2.4 | I61: 1.91 | J61: 1.8 | K61: 1.89 | L61: 2.07 | M61: 2.25 | N61: 2.25 | O61: 2.32
A62: CENT_EURO | B62: TRA_OT_AGR | C62: 11.86 | D62: 10.03 | E62: 8.09 | F62: 7.33 | G62: 7.83 | H62: 7.98 | I62: 6.71 | J62: 6.47 | K62: 5.73 | L62: 5.24 | M62: 4.7 | N62: 4.45 | O62: 4.05
A63: CENT_EURO | B63: TRA_OT_RAI | C63: 4.37 | D63: 3.48 | E63: 2.88 | F63: 2.1 | G63: 2 | H63: 1.91 | I63: 1.16 | J63: 1.13 | K63: 1.12 | L63: 1.08 | M63: 0.99 | N63: 0.83 | O63: 0.61
A64: CENT_EURO | B64: TRA_OT_SHIP_NAT | C64: 1.2 | D64: 0.82 | E64: 0.95 | F64: 1.51 | G64: 1.62 | H64: 1.84 | I64: 1 | J64: 1.02 | K64: 1.03 | L64: 1 | M64: 0.97 | N64: 0.91 | O64: 0.84
A65: CENT_EURO | B65: TRA_OT_OTHER | C65: 1.02 | D65: 0.86 | E65: 0.67 | F65: 0.7 | G65: 0.97 | H65: 0.89 | I65: 0.34 | J65: 0.35 | K65: 0.38 | L65: 0.4 | M65: 0.42 | N65: 0.45 | O65: 0.48
A66: CENT_EURO | B66: SUM | C66: 22.01 | D66: 16.84 | E66: 14.93 | F66: 14.02 | G66: 14.69 | H66: 15.02 | I66: 11.12 | J66: 10.77 | K66: 10.15 | L66: 9.78 | M66: 9.34 | N66: 8.9 | O66: 8.29
A67: CHIN_PLUS | B67: TRA_OTH
A68: CHIN_PLUS | B68: TRA_OT_CNS | C68: 6.08 | D68: 6.66 | E68: 11.24 | F68: 14.19 | G68: 19.66 | H68: 18.46 | I68: 98.63 | J68: 97.76 | K68: 91.63 | L68: 88.61 | M68: 80.79 | N68: 71.87 | O68: 62.26
A69: CHIN_PLUS | B69: TRA_OT_AGR | C69: 34.19 | D69: 43.84 | E69: 17.48 | F69: 32.31 | G69: 29.85 | H69: 36.77 | I69: 55.2 | J69: 55.92 | K69: 54.66 | L69: 52.67 | M69: 50.41 | N69: 47.85 | O69: 45
A70: CHIN_PLUS | B70: TRA_OT_RAI | C70: 1.69 | D70: 0.22 | E70: 11.06 | F70: 19.65 | G70: 16.84 | H70: 10.23 | I70: 10.53 | J70: 10.88 | K70: 10.5 | L70: 9.48 | M70: 7.95 | N70: 6.02 | O70: 3.91
A71: CHIN_PLUS | B71: TRA_OT_SHIP_NAT | C71: 9.25 | D71: 9.62 | E71: 39.77 | F71: 46.98 | G71: 51.01 | H71: 65.16 | I71: 78.58 | J71: 91.88 | K71: 102.94 | L71: 111.39 | M71: 116.99 | N71: 118.77 | O71: 116.29
A72: CHIN_PLUS | B72: TRA_OT_OTHER | C72: 1.96 | D72: 4.09 | E72: 8.66 | F72: 15.58 | G72: 37.37 | H72: 55.4 | I72: 74.72 | J72: 87.59 | K72: 102.15 | L72: 118.53 | M72: 136.78 | N72: 156.41 | O72: 177.06
A73: CHIN_PLUS | B73: SUM | C73: 53.17 | D73: 64.43 | E73: 88.22 | F73: 128.71 | G73: 154.74 | H73: 186.02 | I73: 317.66 | J73: 344.02 | K73: 361.88 | L73: 380.69 | M73: 392.91 | N73: 400.93 | O73: 404.52
A74: INDI_WHOL | B74: TRA_OTH
A75: INDI_WHOL | B75: TRA_OT_CNS | C75: 1.82 | D75: 2.7 | E75: 4.07 | F75: 3.5 | G75: 4.71 | H75: 4.46 | I75: 20.46 | J75: 26.93 | K75: 32.32 | L75: 43.49 | M75: 59.02 | N75: 66.54 | O75: 71.99
A76: INDI_WHOL | B76: TRA_OT_AGR | C76: 2.11 | D76: 2.76 | E76: 16.88 | F76: 15.68 | G76: 17.06 | H76: 19.86 | I76: 10.46 | J76: 13.02 | K76: 12.44 | L76: 15.37 | M76: 17.63 | N76: 23.81 | O76: 25.23
A77: INDI_WHOL | B77: TRA_OT_RAI | C77: 4.7 | D77: 4.52 | E77: 4.62 | F77: 5.94 | G77: 7.25 | H77: 8.16 | I77: 8.35 | J77: 9.41 | K77: 10 | L77: 10.82 | M77: 11.22 | N77: 11.03 | O77: 10.19
A78: INDI_WHOL | B78: TRA_OT_SHIP_NAT | E78: 1.58 | F78: 2.17 | G78: 2.53 | H78: 2.17 | I78: 2.48 | J78: 3.17 | K78: 3.89 | L78: 4.74 | M78: 5.62 | N78: 6.43 | O78: 7.16
A79: INDI_WHOL | B79: TRA_OT_OTHER | C79: 1.36 | D79: 1.74 | E79: 5 | F79: 7.46 | G79: 11.98 | H79: 15.09 | I79: 7.95 | J79: 10.84 | K79: 14.39 | L79: 18.63 | M79: 23.5 | N79: 28.78 | O79: 34.24
A80: INDI_WHOL | B80: SUM | C80: 9.99 | D80: 11.72 | E80: 32.15 | F80: 34.75 | G80: 43.52 | H80: 49.74 | I80: 49.69 | J80: 63.37 | K80: 73.05 | L80: 93.05 | M80: 116.98 | N80: 136.59 | O80: 148.82
A81: INDO_PLUS | B81: TRA_OTH
A82: INDO_PLUS | B82: TRA_OT_CNS | C82: 2.26 | D82: 2.81 | E82: 2.29 | F82: 3.59 | G82: 3.48 | H82: 1.74 | I82: 6.61 | J82: 7.11 | K82: 6.81 | L82: 7.65 | M82: 7.82 | N82: 6.99 | O82: 6.1
A83: INDO_PLUS | B83: TRA_OT_AGR | C83: 2.16 | D83: 3.59 | E83: 6.62 | F83: 6.93 | G83: 7.15 | H83: 3.6 | I83: 4.7 | J83: 4.96 | K83: 5.13 | L83: 5.23 | M83: 5.24 | N83: 5.18 | O83: 5.04
A84: INDO_PLUS | B84: TRA_OT_RAI
A85: INDO_PLUS | B85: TRA_OT_SHIP_NAT | E85: 5.08 | F85: 4.15 | G85: 6.07 | H85: 6.92 | I85: 7.41 | J85: 9.1 | K85: 10.7 | L85: 12.13 | M85: 13.24 | N85: 13.92 | O85: 14.1
A86: INDO_PLUS | B86: TRA_OT_OTHER | C86: 0.86 | D86: 2.17 | E86: 1.63 | F86: 2.53 | G86: 3.84 | H86: 4.71 | I86: 9.48 | J86: 10.75 | K86: 11.9 | L86: 13.18 | M86: 14.56 | N86: 15.97 | O86: 17.41
A87: INDO_PLUS | B87: SUM | C87: 5.28 | D87: 8.57 | E87: 15.61 | F87: 17.2 | G87: 20.54 | H87: 16.97 | I87: 28.2 | J87: 31.92 | K87: 34.54 | L87: 38.19 | M87: 40.85 | N87: 42.05 | O87: 42.65
A88: JAPA_WHOL | B88: TRA_OTH
A89: JAPA_WHOL | B89: TRA_OT_CNS | C89: 10.37 | D89: 11.17 | E89: 8.26 | F89: 7.51 | G89: 6.06 | H89: 5.02 | I89: 6.85 | J89: 6.77 | K89: 6.67 | L89: 6.5 | M89: 6.3 | N89: 5.84 | O89: 5.39
A90: JAPA_WHOL | B90: TRA_OT_AGR | C90: 3.07 | D90: 3.35 | E90: 0.25 | F90: 0.27 | G90: 0.42 | H90: 0.31 | I90: 8.65 | J90: 8.07 | K90: 7.59 | L90: 7.37 | M90: 7.07 | N90: 6.7 | O90: 6.35
A91: JAPA_WHOL | B91: TRA_OT_RAI | C91: 0.94 | D91: 0.83 | E91: 0.71 | F91: 0.65 | G91: 0.57 | H91: 0.54 | I91: 0.34 | J91: 0.21 | K91: 0.13 | L91: 0.08 | M91: 0.04 | N91: 0.02 | O91: 0
A92: JAPA_WHOL | B92: TRA_OT_SHIP_NAT | E92: 16.42 | F92: 14.23 | G92: 11.77 | H92: 11.44
A93: JAPA_WHOL | B93: TRA_OT_OTHER | C93: 7.01 | D93: 10.17 | E93: 10.36 | F93: 10.44 | G93: 8.3 | H93: 9.42 | I93: 9.26 | J93: 8.95 | K93: 8.8 | L93: 8.6 | M93: 8.3 | N93: 7.96 | O93: 7.51
A94: JAPA_WHOL | B94: SUM | C94: 21.39 | D94: 25.52 | E94: 36 | F94: 33.1 | G94: 27.13 | H94: 26.73 | I94: 25.09 | J94: 24 | K94: 23.2 | L94: 22.56 | M94: 21.71 | N94: 20.52 | O94: 19.25
A95: KORE_AALL | B95: TRA_OTH
A96: KORE_AALL | B96: TRA_OT_CNS | C96: 1.59 | D96: 2.08 | E96: 1.23 | F96: 1.01 | G96: 1.55 | H96: 1.65 | I96: 2.25 | J96: 2.65 | K96: 3.04 | L96: 3.39 | M96: 3.4 | N96: 3.32 | O96: 3.19
A97: KORE_AALL | B97: TRA_OT_AGR | C97: 3.25 | D97: 5.37 | E97: 6.24 | F97: 2.17 | G97: 2.07 | H97: 0.84 | I97: 0.66 | J97: 0.69 | K97: 0.67 | L97: 0.68 | M97: 0.63 | N97: 0.57 | O97: 0.5
A98: KORE_AALL | B98: TRA_OT_RAI | C98: 0.88 | D98: 0.92 | E98: 0.96 | F98: 0.8 | G98: 0.56 | H98: 0.34 | I98: 0.23 | J98: 0.19 | K98: 0.16 | L98: 0.14 | M98: 0.12 | N98: 0.1 | O98: 0.09
A99: KORE_AALL | B99: TRA_OT_SHIP_NAT | E99: 4.11 | F99: 5.12 | G99: 4.25 | H99: 2.61 | I99: 1.41 | J99: 1.19 | K99: 0.99 | L99: 0.8 | M99: 0.62 | N99: 0.45 | O99: 0.29
A100: KORE_AALL | B100: TRA_OT_OTHER | C100: 2.14 | D100: 3.4 | E100: 2.95 | F100: 3.97 | G100: 4.48 | H100: 5.45 | I100: 3.69 | J100: 3.79 | K100: 3.84 | L100: 3.88 | M100: 3.9 | N100: 3.94 | O100: 3.95
A101: KORE_AALL | B101: SUM | C101: 7.86 | D101: 11.78 | E101: 15.49 | F101: 13.08 | G101: 12.91 | H101: 10.9 | I101: 8.24 | J101: 8.5 | K101: 8.71 | L101: 8.88 | M101: 8.68 | N101: 8.38 | O101: 8.02
A102: LAME_REST | B102: TRA_OTH
A103: LAME_REST | B103: TRA_OT_CNS | C103: 3.26 | D103: 4.32 | E103: 5.2 | F103: 6.75 | G103: 9.92 | H103: 9.21 | I103: 12.57 | J103: 13.43 | K103: 13.54 | L103: 14.55 | M103: 15.46 | N103: 15.56 | O103: 15.48
...

Sheet Non-road BC_CLEAN
A1: Region | B1: Sector | C1: 1990 | D1: 1995 | E1: 2000 | F1: 2005 | G1: 2010 | H1: 2015 | I1: 2020 | J1: 2025 | K1: 2030 | L1: 2035 | M1: 2040 | N1: 2045 | O1: 2050
A2: AFRI_EAST | B2: TRA_OTH
A3: AFRI_EAST | B3: TRA_OT_CNS | C3: 0.29 | D3: 0.42 | E3: 0.47 | F3: 0.58 | G3: 0.68 | H3: 1.43 | I3: 1.98 | J3: 2.23 | K3: 2.6 | L3: 3.07 | M3: 3.63 | N3: 4.22 | O3: 4.84
A4: AFRI_EAST | B4: TRA_OT_AGR | C4: 0.2 | D4: 0.27 | E4: 0.42 | F4: 0.57 | G4: 0.36 | H4: 0.45 | I4: 0.14 | J4: 0.14 | K4: 0.15 | L4: 0.15 | M4: 0.15 | N4: 0.15 | O4: 0.15
A5: AFRI_EAST | B5: TRA_OT_RAI | C5: 0.08 | D5: 0.05 | E5: 0.05 | F5: 0.06 | G5: 0.05 | H5: 0.12 | I5: 0.16 | J5: 0.18 | K5: 0.22 | L5: 0.26 | M5: 0.31 | N5: 0.37 | O5: 0.44
A6: AFRI_EAST | B6: TRA_OT_SHIP_NAT
A7: AFRI_EAST | B7: TRA_OT_OTHER | C7: 0 | D7: 0 | E7: 0 | F7: 0 | G7: 0.01 | H7: 0.01 | I7: 0 | J7: 0 | K7: 0 | L7: 0 | M7: 0 | N7: 0.01 | O7: 0.01
A8: AFRI_EAST | B8: SUM | C8: 0.57 | D8: 0.74 | E8: 0.94 | F8: 1.21 | G8: 1.1 | H8: 2.01 | I8: 2.28 | J8: 2.56 | K8: 2.97 | L8: 3.49 | M8: 4.1 | N8: 4.75 | O8: 5.43
A9: AFRI_NORT | B9: TRA_OTH
A10: AFRI_NORT | B10: TRA_OT_CNS | C10: 2.67 | D10: 2.2 | E10: 3.89 | F10: 3.42 | G10: 3.99 | H10: 4.69 | I10: 6.46 | J10: 5.54 | K10: 4.2 | L10: 4.25 | M10: 4.37 | N10: 4.15 | O10: 3.93
A11: AFRI_NORT | B11: TRA_OT_AGR | C11: 0.79 | D11: 1.11 | E11: 1.37 | F11: 4.6 | G11: 5.46 | H11: 3.38 | I11: 4.44 | J11: 5.13 | K11: 5.73 | L11: 6.13 | M11: 6.62 | N11: 7.11 | O11: 7.58
A12: AFRI_NORT | B12: TRA_OT_RAI | C12: 0.02 | E12: 0.03 | F12: 0.02 | G12: 0.17 | H12: 0.08 | I12: 0.27 | J12: 0.26 | K12: 0.26 | L12: 0.25 | M12: 0.25 | N12: 0.25 | O12: 0.25
A13: AFRI_NORT | B13: TRA_OT_SHIP_NAT | C13: 0.66 | D13: 0.82 | E13: 1.64 | F13: 0.96 | G13: 1.14 | H13: 0.53 | I13: 0.58 | J13: 0.69 | K13: 0.78 | L13: 0.85 | M13: 0.89 | N13: 0.9
A14: AFRI_NORT | B14: TRA_OT_OTHER | C14: 0 | D14: 0.01 | E14: 0.01 | F14: 0.01 | G14: 0.01 | H14: 0.01 | I14: 0.01 | J14: 0.01 | K14: 0.01 | L14: 0.01 | M14: 0.02 | N14: 0.02 | O14: 0.02
A15: AFRI_NORT | B15: SUM | C15: 4.14 | D15: 4.13 | E15: 6.93 | F15: 9.01 | G15: 10.77 | H15: 8.69 | I15: 11.76 | J15: 11.64 | K15: 10.98 | L15: 11.49 | M15: 12.14 | N15: 12.42 | O15: 11.78
A16: AFRI_WEST | B16: TRA_OTH
A17: AFRI_WEST | B17: TRA_OT_CNS | C17: 0.42 | D17: 0.6 | E17: 0.8 | F17: 0.91 | G17: 1.35 | H17: 2.02 | I17: 3.3 | J17: 4.06 | K17: 4.73 | L17: 5.59 | M17: 6.6 | N17: 7.68 | O17: 8.81
A18: AFRI_WEST | B18: TRA_OT_AGR | C18: 0.38 | D18: 0.51 | E18: 0.8 | F18: 0.62 | G18: 0.88 | H18: 1.41 | I18: 0.44 | J18: 0.46 | K18: 0.47 | L18: 0.48 | M18: 0.48 | N18: 0.47 | O18: 0.46
A19: AFRI_WEST | B19: TRA_OT_RAI | C19: 0.34 | D19: 0.21 | E19: 0.29 | F19: 0.25 | G19: 0.25 | H19: 0.55 | I19: 0.69 | J19: 0.8 | K19: 0.97 | L19: 1.16 | M19: 1.39 | N19: 1.65 | O19: 1.92
A20: AFRI_WEST | B20: TRA_OT_SHIP_NAT | E20: 0.31 | F20: 0.32 | G20: 0.38 | H20: 0.82 | I20: 0.88 | J20: 0.93 | K20: 1.02 | L20: 1.13 | M20: 1.24 | N20: 1.34 | O20: 1.44
A21: AFRI_WEST | B21: TRA_OT_OTHER | C21: 0 | D21: 0 | E21: 0.11 | F21: 0.2 | G21: 0.01 | H21: 0.01 | I21: 0 | J21: 0 | K21: 0 | L21: 0 | M21: 0 | N21: 0.01 | O21: 0.01
A22: AFRI_WEST | B22: SUM | C22: 1.14 | D22: 1.33 | E22: 2.31 | F22: 2.3 | G22: 2.86 | H22: 4.8 | I22: 5.32 | J22: 6.25 | K22: 7.2 | L22: 8.36 | M22: 9.72 | N22: 11.15 | O22: 12.64
A23: ASIA_STAN | B23: TRA_OTH
A24: ASIA_STAN | B24: TRA_OT_CNS | C24: 3.51 | D24: 2.42 | E24: 1.14 | F24: 1.26 | G24: 0.49 | H24: 1.96 | I24: 1.53 | J24: 1.6 | K24: 1.75 | L24: 1.83 | M24: 1.97 | N24: 1.94 | O24: 1.87
A25: ASIA_STAN | B25: TRA_OT_AGR | C25: 1.82 | D25: 1.26 | E25: 0.96 | F25: 1.05 | G25: 0.8 | H25: 0.92 | I25: 0.58 | J25: 0.67 | K25: 0.74 | L25: 0.72 | M25: 0.68 | N25: 0.64 | O25: 0.59
A26: ASIA_STAN | B26: TRA_OT_RAI | C26: 0.86 | D26: 0.59 | E26: 0.52 | F26: 0.58 | G26: 0.37 | H26: 0.16 | I26: 0.26 | J26: 0.28 | K26: 0.31 | L26: 0.33 | M26: 0.34 | N26: 0.34 | O26: 0.33
A27: ASIA_STAN | B27: TRA_OT_SHIP_NAT | G27: 0.03 | H27: 0.66
A28: ASIA_STAN | B28: TRA_OT_OTHER | C28: 0 | D28: 0 | E28: 0 | F28: 0 | G28: 0 | H28: 0 | I28: 0.01 | J28: 0.01 | K28: 0.01 | L28: 0.01 | M28: 0.01 | N28: 0.01 | O28: 0.01
A29: ASIA_STAN | B29: SUM | C29: 6.19 | D29: 4.28 | E29: 2.62 | F29: 2.89 | G29: 1.69 | H29: 3.7 | I29: 2.38 | J29: 2.57 | K29: 2.81 | L29: 2.88 | M29: 3 | N29: 2.93 | O29: 2.81
A30: BRAZ_WHOL | B30: TRA_OTH
A31: BRAZ_WHOL | B31: TRA_OT_CNS | C31: 0.25 | D31: 0.37 | E31: 0.39 | F31: 0.41 | G31: 0.51 | H31: 0.7 | I31: 0.51 | J31: 0.48 | K31: 0.42 | L31: 0.45 | M31: 0.5 | N31: 0.49 | O31: 0.48
A32: BRAZ_WHOL | B32: TRA_OT_AGR | C32: 5.6 | D32: 7.38 | E32: 7.69 | F32: 8.22 | G32: 9.97 | H32: 10.92 | I32: 11.64 | J32: 12.16 | K32: 12.74 | L32: 13.08 | M32: 13.14 | N32: 12.74 | O32: 12.11
A33: BRAZ_WHOL | B33: TRA_OT_RAI | C33: 0.98 | D33: 0.82 | E33: 0.75 | F33: 1.06 | G33: 1.72 | H33: 1.82 | I33: 1.8 | J33: 1.83 | K33: 1.95 | L33: 2.07 | M33: 2.15 | N33: 2.16 | O33: 2.08
A34: BRAZ_WHOL | B34: TRA_OT_SHIP_NAT | E34: 2 | F34: 2.46 | G34: 2.96 | H34: 2.07 | I34: 1.44 | J34: 1.32 | K34: 1.14 | L34: 0.94 | M34: 0.73 | N34: 0.52 | O34: 0.32
A35: BRAZ_WHOL | B35: TRA_OT_OTHER | C35: 0.01 | D35: 0.01 | E35: 0.01 | F35: 0.01 | G35: 0.01 | H35: 0.02 | I35: 0.01 | J35: 0.01 | K35: 0.02 | L35: 0.02 | M35: 0.02 | N35: 0.02 | O35: 0.03
A36: BRAZ_WHOL | B36: SUM | C36: 6.84 | D36: 8.58 | E36: 10.84 | F36: 12.16 | G36: 15.16 | H36: 15.52 | I36: 15.4 | J36: 15.79 | K36: 16.26 | L36: 16.57 | M36: 16.53 | N36: 15.93 | O36: 15.01
A37: CANA_WHOL | B37: TRA_OTH
A38: CANA_WHOL | B38: TRA_OT_CNS | C38: 2.57 | D38: 2.65 | E38: 3.41 | F38: 2.18 | G38: 2.25 | H38: 1.73 | I38: 3.54 | J38: 2.03 | K38: 0.9 | L38: 0.54 | M38: 0.52 | N38: 0.5 | O38: 0.48
A39: CANA_WHOL | B39: TRA_OT_AGR | C39: 3.21 | D39: 4.01 | E39: 4.54 | F39: 3.72 | G39: 3.28 | H39: 2.95 | I39: 3.55 | J39: 2.2 | K39: 1.04 | L39: 0.54 | M39: 0.53 | N39: 0.51 | O39: 0.49
A40: CANA_WHOL | B40: TRA_OT_RAI | C40: 3.79 | D40: 3.42 | E40: 3.52 | F40: 3.36 | G40: 3.03 | H40: 2.71 | I40: 1.61 | J40: 0.9 | K40: 0.45 | L40: 0.08 | M40: 0.01 | N40: 0.01 | O40: 0.01
A41: CANA_WHOL | B41: TRA_OT_SHIP_NAT | C41: 0.88 | D41: 0.88 | E41: 2.91 | F41: 3.82 | G41: 3.98 | H41: 2.16 | I41: 0.84 | J41: 0.61 | K41: 0.46 | L41: 0.33 | M41: 0.3 | N41: 0.31 | O41: 0.31
A42: CANA_WHOL | B42: TRA_OT_OTHER | C42: 0.04 | D42: 0.08 | E42: 0.05 | F42: 0.14 | G42: 0.28 | H42: 0.07 | I42: 0.04 | J42: 0.04 | K42: 0.04 | L42: 0.04 | M42: 0.05 | N42: 0.05 | O42: 0.05
A43: CANA_WHOL | B43: SUM | C43: 10.49 | D43: 11.04 | E43: 14.43 | F43: 13.22 | G43: 12.81 | H43: 9.62 | I43: 9.57 | J43: 5.77 | K43: 2.89 | L43: 1.53 | M43: 1.4 | N43: 1.37 | O43: 1.34
A44: CEAM_REST | B44: TRA_OTH
A45: CEAM_REST | B45: TRA_OT_CNS | C45: 2.29 | D45: 2.08 | E45: 2.04 | F45: 1.85 | G45: 2.16 | H45: 2.5 | I45: 1.41 | J45: 1.32 | K45: 1.15 | L45: 1.21 | M45: 1.26 | N45: 1.25 | O45: 1.21
A46: CEAM_REST | B46: TRA_OT_AGR | C46: 0.97 | D46: 0.75 | E46: 1.09 | F46: 1 | G46: 0.86 | H46: 0.85 | I46: 0.52 | J46: 0.51 | K46: 0.5 | L46: 0.48 | M46: 0.44 | N46: 0.4 | O46: 0.35
A47: CEAM_REST | B47: TRA_OT_RAI | C47: 0.02
A48: CEAM_REST | B48: TRA_OT_SHIP_NAT | C48: 0.57 | D48: 0.25 | E48: 0.27 | F48: 0.36 | G48: 0.14 | H48: 0.15
A49: CEAM_REST | B49: TRA_OT_OTHER | C49: 1.03 | D49: 0.48 | E49: 0.08 | F49: 0.17 | G49: 0.21 | H49: 0.27 | I49: 0.72 | J49: 0.72 | K49: 0.72 | L49: 0.73 | M49: 0.73 | N49: 0.73 | O49: 0.73
A50: CEAM_REST | B50: SUM | C50: 4.88 | D50: 3.55 | E50: 3.48 | F50: 3.37 | G50: 3.36 | H50: 3.77 | I50: 2.65 | J50: 2.56 | K50: 2.37 | L50: 2.41 | M50: 2.43 | N50: 2.38 | O50: 2.29
A51: CENT_EURO | B51: TRA_OTH
A52: CENT_EURO | B52: TRA_OT_CNS | C52: 2.39 | D52: 1.11 | E52: 1.52 | F52: 1.32 | G52: 1.08 | H52: 0.7 | I52: 0.25 | J52: 0.08 | K52: 0.04 | L52: 0.03 | M52: 0.03 | N52: 0.03 | O52: 0.03
A53: CENT_EURO | B53: TRA_OT_AGR | C53: 7.06 | D53: 5.96 | E53: 4.83 | F53: 3.98 | G53: 3.84 | H53: 2.73 | I53: 1.31 | J53: 0.67 | K53: 0.17 | L53: 0.16 | M53: 0.08 | N53: 0.06 | O53: 0.05
A54: CENT_EURO | B54: TRA_OT_RAI | C54: 2.61 | D54: 2.08 | E54: 1.67 | F54: 1.18 | G54: 1.09 | H54: 0.95 | I54: 0.48 | J54: 0.34 | K54: 0.21 | L54: 0.08 | M54: 0.06 | N54: 0.03 | O54: 0.02
A55: CENT_EURO | B55: TRA_OT_SHIP_NAT | C55: 0.54 | D55: 0.33 | E55: 0.42 | F55: 0.68 | G55: 0.76 | H55: 0.79 | I55: 0.38 | J55: 0.35 | K55: 0.21 | L55: 0.23 | M55: 0.23 | N55: 0.23 | O55: 0.23
A56: CENT_EURO | B56: TRA_OT_OTHER | C56: 0.21 | D56: 0.12 | E56: 0.13 | F56: 0.13 | G56: 0.12 | H56: 0.11 | I56: 0.02 | J56: 0.02 | K56: 0.01 | L56: 0.01 | M56: 0.01 | N56: 0.01 | O56: 0.01
A57: CENT_EURO | B57: SUM | C57: 12.81 | D57: 9.6 | E57: 8.58 | F57: 7.29 | G57: 6.89 | H57: 5.29 | I57: 2.44 | J57: 1.46 | K57: 0.64 | L57: 0.51 | M57: 0.41 | N57: 0.36 | O57: 0.34
A58: CHIN_PLUS | B58: TRA_OTH
A59: CHIN_PLUS | B59: TRA_OT_CNS | C59: 5.61 | D59: 6.14 | E59: 10.39 | F59: 13.12 | G59: 15.74 | H59: 11.39 | I59: 33.82 | J59: 27.03 | K59: 24.05 | L59: 22.59 | M59: 20.65 | N59: 18.43 | O59: 16.02
A60: CHIN_PLUS | B60: TRA_OT_AGR | C60: 24.48 | D60: 31.38 | E60: 12.51 | F60: 23.13 | G60: 19.34 | H60: 19.05 | I60: 15.93 | J60: 11.2 | K60: 10.7 | L60: 10.15 | M60: 9.56 | N60: 9.07 | O60: 8.53
A61: CHIN_PLUS | B61: TRA_OT_RAI | C61: 1.01 | D61: 0.13 | E61: 6.62 | F61: 11.76 | G61: 10.25 | H61: 6.25 | I61: 6.46 | J61: 6.68 | K61: 6.45 | L61: 5.82 | M61: 4.88 | N61: 3.7 | O61: 2.4
A62: CHIN_PLUS | B62: TRA_OT_SHIP_NAT | C62: 5.44 | D62: 5.66 | E62: 23.39 | F62: 27.66 | G62: 30.61 | H62: 38.99 | I62: 47.09 | J62: 55.18 | K62: 61.94 | L62: 67.06 | M62: 70.45 | N62: 71.55 | O62: 70.08
A63: CHIN_PLUS | B63: TRA_OT_OTHER | C63: 0.01 | D63: 0.74 | E63: 0.8 | F63: 1.79 | G63: 3.03 | H63: 4.2 | I63: 3.08 | J63: 2.43 | K63: 1.9 | L63: 1.49 | M63: 1.2 | N63: 1.01 | O63: 0.88
A64: CHIN_PLUS | B64: SUM | C64: 36.55 | D64: 44.05 | E64: 53.72 | F64: 77.46 | G64: 78.97 | H64: 79.89 | I64: 106.38 | J64: 102.52 | K64: 105.05 | L64: 107.11 | M64: 106.74 | N64: 103.76 | O64: 97.91
A65: INDI_WHOL | B65: TRA_OTH
A66: INDI_WHOL | B66: TRA_OT_CNS | C66: 1.62 | D66: 2.41 | E66: 3.63 | F66: 3.15 | G66: 3.79 | H66: 2.82 | I66: 9.13 | J66: 9.66 | K66: 10.53 | L66: 13.37 | M66: 17.08 | N66: 18.65 | O66: 19.86
A67: INDI_WHOL | B67: TRA_OT_AGR | C67: 1.67 | D67: 2.18 | E67: 13.31 | F67: 12.31 | G67: 13.34 | H67: 15.29 | I67: 5.97 | J67: 5.38 | K67: 3.46 | L67: 1.68 | M67: 0.3 | N67: 0.4 | O67: 0.43
A68: INDI_WHOL | B68: TRA_OT_RAI | C68: 2.81 | D68: 2.71 | E68: 2.76 | F68: 3.59 | G68: 4.52 | H68: 5.19 | I68: 5.43 | J68: 6.33 | K68: 7.13 | L68: 7.71 | M68: 7.99 | N68: 7.86 | O68: 7.26
A69: INDI_WHOL | B69: TRA_OT_SHIP_NAT | E69: 0.96 | F69: 1.32 | G69: 1.56 | H69: 1.35 | I69: 1.53 | J69: 1.96 | K69: 2.44 | L69: 2.96 | M69: 3.49 | N69: 4 | O69: 4.45
A70: INDI_WHOL | B70: TRA_OT_OTHER | C70: 0.03 | D70: 0.02 | E70: 0.11 | F70: 0.04 | G70: 0.02 | H70: 0.02 | I70: 0.09 | J70: 0.07 | K70: 0.06 | L70: 0.06 | M70: 0.05 | N70: 0.05 | O70: 0.06
A71: INDI_WHOL | B71: SUM | C71: 6.13 | D71: 7.32 | E71: 20.78 | F71: 20.42 | G71: 23.23 | H71: 24.66 | I71: 22.16 | J71: 23.4 | K71: 23.63 | L71: 25.78 | M71: 28.92 | N71: 30.97 | O71: 32.05
A72: INDO_PLUS | B72: TRA_OTH
A73: INDO_PLUS | B73: TRA_OT_CNS | C73: 2.01 | D73: 2.51 | E73: 2.04 | F73: 3.2 | G73: 3.16 | H73: 1.6 | I73: 6.13 | J73: 6.67 | K73: 6.38 | L73: 7.18 | M73: 7.33 | N73: 6.56 | O73: 5.72
A74: INDO_PLUS | B74: TRA_OT_AGR | C74: 1.71 | D74: 2.84 | E74: 5.24 | F74: 5.49 | G74: 5.77 | H74: 2.93 | I74: 3.87 | J74: 4.13 | K74: 4.27 | L74: 4.36 | M74: 4.36 | N74: 4.31 | O74: 4.2
A75: INDO_PLUS | B75: TRA_OT_RAI
A76: INDO_PLUS | B76: TRA_OT_SHIP_NAT | E76: 2.99 | F76: 2.45 | G76: 3.64 | H76: 4.19 | I76: 4.45 | J76: 5.35 | K76: 6.19 | L76: 7.01 | M76: 7.66 | N76: 8.05 | O76: 8.15
A77: INDO_PLUS | B77: TRA_OT_OTHER | C77: 0 | D77: 0 | E77: 0 | F77: 0.01 | G77: 0.01 | H77: 0.01 | I77: 0.02 | J77: 0.02 | K77: 0.02 | L77: 0.03 | M77: 0.03 | N77: 0.03 | O77: 0.04
A78: INDO_PLUS | B78: SUM | C78: 3.73 | D78: 5.35 | E78: 10.28 | F78: 11.14 | G78: 12.59 | H78: 8.73 | I78: 14.48 | J78: 16.17 | K78: 16.87 | L78: 18.58 | M78: 19.38 | N78: 18.95 | O78: 18.11
A79: JAPA_WHOL | B79: TRA_OTH
A80: JAPA_WHOL | B80: TRA_OT_CNS | C80: 9.25 | D80: 9.96 | E80: 7.33 | F80: 5.91 | G80: 3.8 | H80: 2.19 | I80: 1.7 | J80: 0.63 | K80: 0.17 | L80: 0.16 | M80: 0.16 | N80: 0.14 | O80: 0.13
A81: JAPA_WHOL | B81: TRA_OT_AGR | C81: 2.43 | D81: 2.66 | E81: 0.2 | F81: 0.19 | G81: 0.24 | H81: 0.12 | I81: 1.9 | J81: 0.67 | K81: 0.17 | L81: 0.16 | M81: 0.16 | N81: 0.15 | O81: 0.14
A82: JAPA_WHOL | B82: TRA_OT_RAI | C82: 0.56 | D82: 0.49 | E82: 0.42 | F82: 0.36 | G82: 0.25 | H82: 0.16 | I82: 0.06 | J82: 0.01 | K82: 0 | L82: 0 | M82: 0 | N82: 0 | O82: 0
A83: JAPA_WHOL | B83: TRA_OT_SHIP_NAT | E83: 9.26 | F83: 8.04 | G83: 6.51 | H83: 6.06
A84: JAPA_WHOL | B84: TRA_OT_OTHER | C84: 0.02 | D84: 0.02 | E84: 0.03 | F84: 0.03 | G84: 0.02 | H84: 0.03 | I84: 0.03 | J84: 0.03 | K84: 0.02 | L84: 0.02 | M84: 0.02 | N84: 0.02 | O84: 0.02
A85: JAPA_WHOL | B85: SUM | C85: 12.26 | D85: 13.14 | E85: 17.24 | F85: 14.52 | G85: 10.82 | H85: 8.56 | I85: 3.69 | J85: 1.34 | K85: 0.36 | L85: 0.35 | M85: 0.34 | N85: 0.31 | O85: 0.29
A86: KORE_AALL | B86: TRA_OTH
A87: KORE_AALL | B87: TRA_OT_CNS | C87: 1.42 | D87: 1.86 | E87: 1.09 | F87: 0.8 | G87: 1.1 | H87: 0.88 | I87: 0.72 | J87: 0.55 | K87: 0.28 | L87: 0.2 | M87: 0.2 | N87: 0.19 | O87: 0.18
A88: KORE_AALL | B88: TRA_OT_AGR | C88: 2.58 | D88: 4.25 | E88: 4.94 | F88: 1.53 | G88: 1.3 | H88: 0.4 | I88: 0.19 | J88: 0.13 | K88: 0.06 | L88: 0.03 | M88: 0.03 | N88: 0.03 | O88: 0.03
A89: KORE_AALL | B89: TRA_OT_RAI | C89: 0.52 | D89: 0.55 | E89: 0.58 | F89: 0.45 | G89: 0.29 | H89: 0.14 | I89: 0.06 | J89: 0.03 | K89: 0.01 | L89: 0 | M89: 0 | N89: 0 | O89: 0
A90: KORE_AALL | B90: TRA_OT_SHIP_NAT | E90: 2.49 | F90: 2.02 | G90: 1.55 | H90: 0.58 | I90: 0.85 | J90: 0.7 | K90: 0.57 | L90: 0.46 | M90: 0.36 | N90: 0.26 | O90: 0.17
A91: KORE_AALL | B91: TRA_OT_OTHER | C91: 0.01 | D91: 0.46 | E91: 0.23 | F91: 0.24 | G91: 0.18 | H91: 0.02 | I91: 0.01 | J91: 0.01 | K91: 0.01 | L91: 0.01 | M91: 0.01 | N91: 0.01 | O91: 0.01
A92: KORE_AALL | B92: SUM | C92: 4.53 | D92: 7.13 | E92: 9.34 | F92: 5.04 | G92: 4.41 | H92: 2.01 | I92: 1.83 | J92: 1.42 | K92: 0.93 | L92: 0.71 | M92: 0.6 | N92: 0.49 | O92: 0.39
A93: LAME_REST | B93: TRA_OTH
A94: LAME_REST | B94: TRA_OT_CNS | C94: 2.68 | D94: 3.54 | E94: 4.26 | F94: 5.53 | G94: 8.31 | H94: 7.81 | I94: 10.67 | J94: 11.42 | K94: 11.5 | L94: 12.36 | M94: 13.13 | N94: 13.21 | O94: 13.15
A95: LAME_REST | B95: TRA_OT_AGR | C95: 3.25 | D95: 5.68 | E95: 5.89 | F95: 8.18 | G95: 7.79 | H95: 9.09 | I95: 7 | J95: 6.95 | K95: 6.8 | L95: 6.45 | M95: 6.02 | N95: 5.47 | O95: 4.79
A96: LAME_REST | B96: TRA_OT_RAI | C96: 0.13 | D96: 0.09 | E96: 0.09 | F96: 0.11 | G96: 0.15 | H96: 0.16 | I96: 0.08 | J96: 0.07 | K96: 0.07 | L96: 0.06 | M96: 0.05 | N96: 0.04 | O96: 0.03
A97: LAME_REST | B97: TRA_OT_SHIP_NAT | C97: 0.95 | D97: 0.63 | E97: 1.36 | F97: 1.86 | G97: 2.19 | H97: 2.5 | I97: 0.78 | J97: 0.76 | K97: 0.75 | L97: 0.76 | M97: 0.76 | N97: 0.76 | O97: 0.76
A98: LAME_REST | B98: TRA_OT_OTHER | C98: 0.01 | D98: 0.01 | E98: 0.01 | F98: 0.01 | G98: 0.01 | H98: 0.01 | I98: 0.01 | J98: 0.01 | K98: 0.02 | L98: 0.02 | M98: 0.02 | N98: 0.02 | O98: 0.03
A99: LAME_REST | B99: SUM | C99: 7.02 | D99: 9.94 | E99: 11.61 | F99: 15.69 | G99: 18.46 | H99: 19.58 | I99: 18.55 | J99: 19.21 | K99: 19.14 | L99: 19.64 | M99: 19.98 | N99: 19.51 | O99: 18.76
A100: MEXI_WHOL | B100: TRA_OTH
...

Sheet Non-road BC
A1: PM PM_BC emissions from non-road transport
A3: Pollutant: PM (PM Fraction: PM_BC)
A4: Scenario: ECLIPSE_V6b_CLE_base
A5: Region: All EMF Regions
A6: UserID: jm110
A7: Unit: kt PM
A10: Region | B10: [kt/yr] | C10: 1990 | D10: 1995 | E10: 2000 | F10: 2005 | G10: 2010 | H10: 2015 | I10: 2020 | J10: 2025 | K10: 2030 | L10: 2035 | M10: 2040 | N10: 2045 | O10: 2050
A11: AFRI_EAST | B11: TRA_OTH
A12: AFRI_EAST | B12: TRA_OT_CNS | C12: 0.29 | D12: 0.42 | E12: 0.47 | F12: 0.58 | G12: 0.68 | H12: 1.43 | I12: 1.98 | J12: 2.23 | K12: 2.6 | L12: 3.07 | M12: 3.63 | N12: 4.22 | O12: 4.84
A13: AFRI_EAST | B13: TRA_OT_AGR | C13: 0.2 | D13: 0.27 | E13: 0.42 | F13: 0.57 | G13: 0.36 | H13: 0.45 | I13: 0.14 | J13: 0.14 | K13: 0.15 | L13: 0.15 | M13: 0.15 | N13: 0.15 | O13: 0.15
A14: AFRI_EAST | B14: TRA_OT_RAI | C14: 0.08 | D14: 0.05 | E14: 0.05 | F14: 0.06 | G14: 0.05 | H14: 0.12 | I14: 0.16 | J14: 0.18 | K14: 0.22 | L14: 0.26 | M14: 0.31 | N14: 0.37 | O14: 0.44
A15: AFRI_EAST | B15: TRA_OT_SHIP_NAT
A16: AFRI_EAST | B16: TRA_OT_OTHER | C16: 0 | D16: 0 | E16: 0 | F16: 0 | G16: 0.01 | H16: 0.01 | I16: 0 | J16: 0 | K16: 0 | L16: 0 | M16: 0 | N16: 0.01 | O16: 0.01
A17: AFRI_EAST | B17: SUM | C17: 0.57 | D17: 0.74 | E17: 0.94 | F17: 1.21 | G17: 1.1 | H17: 2.01 | I17: 2.28 | J17: 2.56 | K17: 2.97 | L17: 3.49 | M17: 4.1 | N17: 4.75 | O17: 5.43
A18: AFRI_NORT | B18: TRA_OTH
A19: AFRI_NORT | B19: TRA_OT_CNS | C19: 2.67 | D19: 2.2 | E19: 3.89 | F19: 3.42 | G19: 3.99 | H19: 4.69 | I19: 6.46 | J19: 5.54 | K19: 4.2 | L19: 4.25 | M19: 4.37 | N19: 4.15 | O19: 3.93
A20: AFRI_NORT | B20: TRA_OT_AGR | C20: 0.79 | D20: 1.11 | E20: 1.37 | F20: 4.6 | G20: 5.46 | H20: 3.38 | I20: 4.44 | J20: 5.13 | K20: 5.73 | L20: 6.13 | M20: 6.62 | N20: 7.11 | O20: 7.58
A21: AFRI_NORT | B21: TRA_OT_RAI | C21: 0.02 | E21: 0.03 | F21: 0.02 | G21: 0.17 | H21: 0.08 | I21: 0.27 | J21: 0.26 | K21: 0.26 | L21: 0.25 | M21: 0.25 | N21: 0.25 | O21: 0.25
A22: AFRI_NORT | B22: TRA_OT_SHIP_NAT | C22: 0.66 | D22: 0.82 | E22: 1.64 | F22: 0.96 | G22: 1.14 | H22: 0.53 | I22: 0.58 | J22: 0.69 | K22: 0.78 | L22: 0.85 | M22: 0.89 | N22: 0.9
A23: AFRI_NORT | B23: TRA_OT_OTHER | C23: 0 | D23: 0.01 | E23: 0.01 | F23: 0.01 | G23: 0.01 | H23: 0.01 | I23: 0.01 | J23: 0.01 | K23: 0.01 | L23: 0.01 | M23: 0.02 | N23: 0.02 | O23: 0.02
A24: AFRI_NORT | B24: SUM | C24: 4.14 | D24: 4.13 | E24: 6.93 | F24: 9.01 | G24: 10.77 | H24: 8.69 | I24: 11.76 | J24: 11.64 | K24: 10.98 | L24: 11.49 | M24: 12.14 | N24: 12.42 | O24: 11.78
A25: AFRI_WEST | B25: TRA_OTH
A26: AFRI_WEST | B26: TRA_OT_CNS | C26: 0.42 | D26: 0.6 | E26: 0.8 | F26: 0.91 | G26: 1.35 | H26: 2.02 | I26: 3.3 | J26: 4.06 | K26: 4.73 | L26: 5.59 | M26: 6.6 | N26: 7.68 | O26: 8.81
A27: AFRI_WEST | B27: TRA_OT_AGR | C27: 0.38 | D27: 0.51 | E27: 0.8 | F27: 0.62 | G27: 0.88 | H27: 1.41 | I27: 0.44 | J27: 0.46 | K27: 0.47 | L27: 0.48 | M27: 0.48 | N27: 0.47 | O27: 0.46
A28: AFRI_WEST | B28: TRA_OT_RAI | C28: 0.34 | D28: 0.21 | E28: 0.29 | F28: 0.25 | G28: 0.25 | H28: 0.55 | I28: 0.69 | J28: 0.8 | K28: 0.97 | L28: 1.16 | M28: 1.39 | N28: 1.65 | O28: 1.92
A29: AFRI_WEST | B29: TRA_OT_SHIP_NAT | E29: 0.31 | F29: 0.32 | G29: 0.38 | H29: 0.82 | I29: 0.88 | J29: 0.93 | K29: 1.02 | L29: 1.13 | M29: 1.24 | N29: 1.34 | O29: 1.44
A30: AFRI_WEST | B30: TRA_OT_OTHER | C30: 0 | D30: 0 | E30: 0.11 | F30: 0.2 | G30: 0.01 | H30: 0.01 | I30: 0 | J30: 0 | K30: 0 | L30: 0 | M30: 0 | N30: 0.01 | O30: 0.01
A31: AFRI_WEST | B31: SUM | C31: 1.14 | D31: 1.33 | E31: 2.31 | F31: 2.3 | G31: 2.86 | H31: 4.8 | I31: 5.32 | J31: 6.25 | K31: 7.2 | L31: 8.36 | M31: 9.72 | N31: 11.15 | O31: 12.64
A32: ASIA_STAN | B32: TRA_OTH
A33: ASIA_STAN | B33: TRA_OT_CNS | C33: 3.51 | D33: 2.42 | E33: 1.14 | F33: 1.26 | G33: 0.49 | H33: 1.96 | I33: 1.53 | J33: 1.6 | K33: 1.75 | L33: 1.83 | M33: 1.97 | N33: 1.94 | O33: 1.87
A34: ASIA_STAN | B34: TRA_OT_AGR | C34: 1.82 | D34: 1.26 | E34: 0.96 | F34: 1.05 | G34: 0.8 | H34: 0.92 | I34: 0.58 | J34: 0.67 | K34: 0.74 | L34: 0.72 | M34: 0.68 | N34: 0.64 | O34: 0.59
A35: ASIA_STAN | B35: TRA_OT_RAI | C35: 0.86 | D35: 0.59 | E35: 0.52 | F35: 0.58 | G35: 0.37 | H35: 0.16 | I35: 0.26 | J35: 0.28 | K35: 0.31 | L35: 0.33 | M35: 0.34 | N35: 0.34 | O35: 0.33
A36: ASIA_STAN | B36: TRA_OT_SHIP_NAT | G36: 0.03 | H36: 0.66
A37: ASIA_STAN | B37: TRA_OT_OTHER | C37: 0 | D37: 0 | E37: 0 | F37: 0 | G37: 0 | H37: 0 | I37: 0.01 | J37: 0.01 | K37: 0.01 | L37: 0.01 | M37: 0.01 | N37: 0.01 | O37: 0.01
A38: ASIA_STAN | B38: SUM | C38: 6.19 | D38: 4.28 | E38: 2.62 | F38: 2.89 | G38: 1.69 | H38: 3.7 | I38: 2.38 | J38: 2.57 | K38: 2.81 | L38: 2.88 | M38: 3 | N38: 2.93 | O38: 2.81
A39: BRAZ_WHOL | B39: TRA_OTH
A40: BRAZ_WHOL | B40: TRA_OT_CNS | C40: 0.25 | D40: 0.37 | E40: 0.39 | F40: 0.41 | G40: 0.51 | H40: 0.7 | I40: 0.51 | J40: 0.48 | K40: 0.42 | L40: 0.45 | M40: 0.5 | N40: 0.49 | O40: 0.48
A41: BRAZ_WHOL | B41: TRA_OT_AGR | C41: 5.6 | D41: 7.38 | E41: 7.69 | F41: 8.22 | G41: 9.97 | H41: 10.92 | I41: 11.64 | J41: 12.16 | K41: 12.74 | L41: 13.08 | M41: 13.14 | N41: 12.74 | O41: 12.11
A42: BRAZ_WHOL | B42: TRA_OT_RAI | C42: 0.98 | D42: 0.82 | E42: 0.75 | F42: 1.06 | G42: 1.72 | H42: 1.82 | I42: 1.8 | J42: 1.83 | K42: 1.95 | L42: 2.07 | M42: 2.15 | N42: 2.16 | O42: 2.08
A43: BRAZ_WHOL | B43: TRA_OT_SHIP_NAT | E43: 2 | F43: 2.46 | G43: 2.96 | H43: 2.07 | I43: 1.44 | J43: 1.32 | K43: 1.14 | L43: 0.94 | M43: 0.73 | N43: 0.52 | O43: 0.32
A44: BRAZ_WHOL | B44: TRA_OT_OTHER | C44: 0.01 | D44: 0.01 | E44: 0.01 | F44: 0.01 | G44: 0.01 | H44: 0.02 | I44: 0.01 | J44: 0.01 | K44: 0.02 | L44: 0.02 | M44: 0.02 | N44: 0.02 | O44: 0.03
A45: BRAZ_WHOL | B45: SUM | C45: 6.84 | D45: 8.58 | E45: 10.84 | F45: 12.16 | G45: 15.16 | H45: 15.52 | I45: 15.4 | J45: 15.79 | K45: 16.26 | L45: 16.57 | M45: 16.53 | N45: 15.93 | O45: 15.01
A46: CANA_WHOL | B46: TRA_OTH
A47: CANA_WHOL | B47: TRA_OT_CNS | C47: 2.57 | D47: 2.65 | E47: 3.41 | F47: 2.18 | G47: 2.25 | H47: 1.73 | I47: 3.54 | J47: 2.03 | K47: 0.9 | L47: 0.54 | M47: 0.52 | N47: 0.5 | O47: 0.48
A48: CANA_WHOL | B48: TRA_OT_AGR | C48: 3.21 | D48: 4.01 | E48: 4.54 | F48: 3.72 | G48: 3.28 | H48: 2.95 | I48: 3.55 | J48: 2.2 | K48: 1.04 | L48: 0.54 | M48: 0.53 | N48: 0.51 | O48: 0.49
A49: CANA_WHOL | B49: TRA_OT_RAI | C49: 3.79 | D49: 3.42 | E49: 3.52 | F49: 3.36 | G49: 3.03 | H49: 2.71 | I49: 1.61 | J49: 0.9 | K49: 0.45 | L49: 0.08 | M49: 0.01 | N49: 0.01 | O49: 0.01
A50: CANA_WHOL | B50: TRA_OT_SHIP_NAT | C50: 0.88 | D50: 0.88 | E50: 2.91 | F50: 3.82 | G50: 3.98 | H50: 2.16 | I50: 0.84 | J50: 0.61 | K50: 0.46 | L50: 0.33 | M50: 0.3 | N50: 0.31 | O50: 0.31
A51: CANA_WHOL | B51: TRA_OT_OTHER | C51: 0.04 | D51: 0.08 | E51: 0.05 | F51: 0.14 | G51: 0.28 | H51: 0.07 | I51: 0.04 | J51: 0.04 | K51: 0.04 | L51: 0.04 | M51: 0.05 | N51: 0.05 | O51: 0.05
A52: CANA_WHOL | B52: SUM | C52: 10.49 | D52: 11.04 | E52: 14.43 | F52: 13.22 | G52: 12.81 | H52: 9.62 | I52: 9.57 | J52: 5.77 | K52: 2.89 | L52: 1.53 | M52: 1.4 | N52: 1.37 | O52: 1.34
A53: CEAM_REST | B53: TRA_OTH
A54: CEAM_REST | B54: TRA_OT_CNS | C54: 2.29 | D54: 2.08 | E54: 2.04 | F54: 1.85 | G54: 2.16 | H54: 2.5 | I54: 1.41 | J54: 1.32 | K54: 1.15 | L54: 1.21 | M54: 1.26 | N54: 1.25 | O54: 1.21
A55: CEAM_REST | B55: TRA_OT_AGR | C55: 0.97 | D55: 0.75 | E55: 1.09 | F55: 1 | G55: 0.86 | H55: 0.85 | I55: 0.52 | J55: 0.51 | K55: 0.5 | L55: 0.48 | M55: 0.44 | N55: 0.4 | O55: 0.35
A56: CEAM_REST | B56: TRA_OT_RAI | C56: 0.02
A57: CEAM_REST | B57: TRA_OT_SHIP_NAT | C57: 0.57 | D57: 0.25 | E57: 0.27 | F57: 0.36 | G57: 0.14 | H57: 0.15
A58: CEAM_REST | B58: TRA_OT_OTHER | C58: 1.03 | D58: 0.48 | E58: 0.08 | F58: 0.17 | G58: 0.21 | H58: 0.27 | I58: 0.72 | J58: 0.72 | K58: 0.72 | L58: 0.73 | M58: 0.73 | N58: 0.73 | O58: 0.73
A59: CEAM_REST | B59: SUM | C59: 4.88 | D59: 3.55 | E59: 3.48 | F59: 3.37 | G59: 3.36 | H59: 3.77 | I59: 2.65 | J59: 2.56 | K59: 2.37 | L59: 2.41 | M59: 2.43 | N59: 2.38 | O59: 2.29
A60: CENT_EURO | B60: TRA_OTH
A61: CENT_EURO | B61: TRA_OT_CNS | C61: 2.39 | D61: 1.11 | E61: 1.52 | F61: 1.32 | G61: 1.08 | H61: 0.7 | I61: 0.25 | J61: 0.08 | K61: 0.04 | L61: 0.03 | M61: 0.03 | N61: 0.03 | O61: 0.03
A62: CENT_EURO | B62: TRA_OT_AGR | C62: 7.06 | D62: 5.96 | E62: 4.83 | F62: 3.98 | G62: 3.84 | H62: 2.73 | I62: 1.31 | J62: 0.67 | K62: 0.17 | L62: 0.16 | M62: 0.08 | N62: 0.06 | O62: 0.05
A63: CENT_EURO | B63: TRA_OT_RAI | C63: 2.61 | D63: 2.08 | E63: 1.67 | F63: 1.18 | G63: 1.09 | H63: 0.95 | I63: 0.48 | J63: 0.34 | K63: 0.21 | L63: 0.08 | M63: 0.06 | N63: 0.03 | O63: 0.02
A64: CENT_EURO | B64: TRA_OT_SHIP_NAT | C64: 0.54 | D64: 0.33 | E64: 0.42 | F64: 0.68 | G64: 0.76 | H64: 0.79 | I64: 0.38 | J64: 0.35 | K64: 0.21 | L64: 0.23 | M64: 0.23 | N64: 0.23 | O64: 0.23
A65: CENT_EURO | B65: TRA_OT_OTHER | C65: 0.21 | D65: 0.12 | E65: 0.13 | F65: 0.13 | G65: 0.12 | H65: 0.11 | I65: 0.02 | J65: 0.02 | K65: 0.01 | L65: 0.01 | M65: 0.01 | N65: 0.01 | O65: 0.01
A66: CENT_EURO | B66: SUM | C66: 12.81 | D66: 9.6 | E66: 8.58 | F66: 7.29 | G66: 6.89 | H66: 5.29 | I66: 2.44 | J66: 1.46 | K66: 0.64 | L66: 0.51 | M66: 0.41 | N66: 0.36 | O66: 0.34
A67: CHIN_PLUS | B67: TRA_OTH
A68: CHIN_PLUS | B68: TRA_OT_CNS | C68: 5.61 | D68: 6.14 | E68: 10.39 | F68: 13.12 | G68: 15.74 | H68: 11.39 | I68: 33.82 | J68: 27.03 | K68: 24.05 | L68: 22.59 | M68: 20.65 | N68: 18.43 | O68: 16.02
A69: CHIN_PLUS | B69: TRA_OT_AGR | C69: 24.48 | D69: 31.38 | E69: 12.51 | F69: 23.13 | G69: 19.34 | H69: 19.05 | I69: 15.93 | J69: 11.2 | K69: 10.7 | L69: 10.15 | M69: 9.56 | N69: 9.07 | O69: 8.53
A70: CHIN_PLUS | B70: TRA_OT_RAI | C70: 1.01 | D70: 0.13 | E70: 6.62 | F70: 11.76 | G70: 10.25 | H70: 6.25 | I70: 6.46 | J70: 6.68 | K70: 6.45 | L70: 5.82 | M70: 4.88 | N70: 3.7 | O70: 2.4
A71: CHIN_PLUS | B71: TRA_OT_SHIP_NAT | C71: 5.44 | D71: 5.66 | E71: 23.39 | F71: 27.66 | G71: 30.61 | H71: 38.99 | I71: 47.09 | J71: 55.18 | K71: 61.94 | L71: 67.06 | M71: 70.45 | N71: 71.55 | O71: 70.08
A72: CHIN_PLUS | B72: TRA_OT_OTHER | C72: 0.01 | D72: 0.74 | E72: 0.8 | F72: 1.79 | G72: 3.03 | H72: 4.2 | I72: 3.08 | J72: 2.43 | K72: 1.9 | L72: 1.49 | M72: 1.2 | N72: 1.01 | O72: 0.88
A73: CHIN_PLUS | B73: SUM | C73: 36.55 | D73: 44.05 | E73: 53.72 | F73: 77.46 | G73: 78.97 | H73: 79.89 | I73: 106.38 | J73: 102.52 | K73: 105.05 | L73: 107.11 | M73: 106.74 | N73: 103.76 | O73: 97.91
A74: INDI_WHOL | B74: TRA_OTH
A75: INDI_WHOL | B75: TRA_OT_CNS | C75: 1.62 | D75: 2.41 | E75: 3.63 | F75: 3.15 | G75: 3.79 | H75: 2.82 | I75: 9.13 | J75: 9.66 | K75: 10.53 | L75: 13.37 | M75: 17.08 | N75: 18.65 | O75: 19.86
A76: INDI_WHOL | B76: TRA_OT_AGR | C76: 1.67 | D76: 2.18 | E76: 13.31 | F76: 12.31 | G76: 13.34 | H76: 15.29 | I76: 5.97 | J76: 5.38 | K76: 3.46 | L76: 1.68 | M76: 0.3 | N76: 0.4 | O76: 0.43
A77: INDI_WHOL | B77: TRA_OT_RAI | C77: 2.81 | D77: 2.71 | E77: 2.76 | F77: 3.59 | G77: 4.52 | H77: 5.19 | I77: 5.43 | J77: 6.33 | K77: 7.13 | L77: 7.71 | M77: 7.99 | N77: 7.86 | O77: 7.26
A78: INDI_WHOL | B78: TRA_OT_SHIP_NAT | E78: 0.96 | F78: 1.32 | G78: 1.56 | H78: 1.35 | I78: 1.53 | J78: 1.96 | K78: 2.44 | L78: 2.96 | M78: 3.49 | N78: 4 | O78: 4.45
A79: INDI_WHOL | B79: TRA_OT_OTHER | C79: 0.03 | D79: 0.02 | E79: 0.11 | F79: 0.04 | G79: 0.02 | H79: 0.02 | I79: 0.09 | J79: 0.07 | K79: 0.06 | L79: 0.06 | M79: 0.05 | N79: 0.05 | O79: 0.06
A80: INDI_WHOL | B80: SUM | C80: 6.13 | D80: 7.32 | E80: 20.78 | F80: 20.42 | G80: 23.23 | H80: 24.66 | I80: 22.16 | J80: 23.4 | K80: 23.63 | L80: 25.78 | M80: 28.92 | N80: 30.97 | O80: 32.05
A81: INDO_PLUS | B81: TRA_OTH
A82: INDO_PLUS | B82: TRA_OT_CNS | C82: 2.01 | D82: 2.51 | E82: 2.04 | F82: 3.2 | G82: 3.16 | H82: 1.6 | I82: 6.13 | J82: 6.67 | K82: 6.38 | L82: 7.18 | M82: 7.33 | N82: 6.56 | O82: 5.72
A83: INDO_PLUS | B83: TRA_OT_AGR | C83: 1.71 | D83: 2.84 | E83: 5.24 | F83: 5.49 | G83: 5.77 | H83: 2.93 | I83: 3.87 | J83: 4.13 | K83: 4.27 | L83: 4.36 | M83: 4.36 | N83: 4.31 | O83: 4.2
A84: INDO_PLUS | B84: TRA_OT_RAI
A85: INDO_PLUS | B85: TRA_OT_SHIP_NAT | E85: 2.99 | F85: 2.45 | G85: 3.64 | H85: 4.19 | I85: 4.45 | J85: 5.35 | K85: 6.19 | L85: 7.01 | M85: 7.66 | N85: 8.05 | O85: 8.15
A86: INDO_PLUS | B86: TRA_OT_OTHER | C86: 0 | D86: 0 | E86: 0 | F86: 0.01 | G86: 0.01 | H86: 0.01 | I86: 0.02 | J86: 0.02 | K86: 0.02 | L86: 0.03 | M86: 0.03 | N86: 0.03 | O86: 0.04
A87: INDO_PLUS | B87: SUM | C87: 3.73 | D87: 5.35 | E87: 10.28 | F87: 11.14 | G87: 12.59 | H87: 8.73 | I87: 14.48 | J87: 16.17 | K87: 16.87 | L87: 18.58 | M87: 19.38 | N87: 18.95 | O87: 18.11
A88: JAPA_WHOL | B88: TRA_OTH
A89: JAPA_WHOL | B89: TRA_OT_CNS | C89: 9.25 | D89: 9.96 | E89: 7.33 | F89: 5.91 | G89: 3.8 | H89: 2.19 | I89: 1.7 | J89: 0.63 | K89: 0.17 | L89: 0.16 | M89: 0.16 | N89: 0.14 | O89: 0.13
A90: JAPA_WHOL | B90: TRA_OT_AGR | C90: 2.43 | D90: 2.66 | E90: 0.2 | F90: 0.19 | G90: 0.24 | H90: 0.12 | I90: 1.9 | J90: 0.67 | K90: 0.17 | L90: 0.16 | M90: 0.16 | N90: 0.15 | O90: 0.14
A91: JAPA_WHOL | B91: TRA_OT_RAI | C91: 0.56 | D91: 0.49 | E91: 0.42 | F91: 0.36 | G91: 0.25 | H91: 0.16 | I91: 0.06 | J91: 0.01 | K91: 0 | L91: 0 | M91: 0 | N91: 0 | O91: 0
A92: JAPA_WHOL | B92: TRA_OT_SHIP_NAT | E92: 9.26 | F92: 8.04 | G92: 6.51 | H92: 6.06
A93: JAPA_WHOL | B93: TRA_OT_OTHER | C93: 0.02 | D93: 0.02 | E93: 0.03 | F93: 0.03 | G93: 0.02 | H93: 0.03 | I93: 0.03 | J93: 0.03 | K93: 0.02 | L93: 0.02 | M93: 0.02 | N93: 0.02 | O93: 0.02
A94: JAPA_WHOL | B94: SUM | C94: 12.26 | D94: 13.14 | E94: 17.24 | F94: 14.52 | G94: 10.82 | H94: 8.56 | I94: 3.69 | J94: 1.34 | K94: 0.36 | L94: 0.35 | M94: 0.34 | N94: 0.31 | O94: 0.29
A95: KORE_AALL | B95: TRA_OTH
A96: KORE_AALL | B96: TRA_OT_CNS | C96: 1.42 | D96: 1.86 | E96: 1.09 | F96: 0.8 | G96: 1.1 | H96: 0.88 | I96: 0.72 | J96: 0.55 | K96: 0.28 | L96: 0.2 | M96: 0.2 | N96: 0.19 | O96: 0.18
A97: KORE_AALL | B97: TRA_OT_AGR | C97: 2.58 | D97: 4.25 | E97: 4.94 | F97: 1.53 | G97: 1.3 | H97: 0.4 | I97: 0.19 | J97: 0.13 | K97: 0.06 | L97: 0.03 | M97: 0.03 | N97: 0.03 | O97: 0.03
A98: KORE_AALL | B98: TRA_OT_RAI | C98: 0.52 | D98: 0.55 | E98: 0.58 | F98: 0.45 | G98: 0.29 | H98: 0.14 | I98: 0.06 | J98: 0.03 | K98: 0.01 | L98: 0 | M98: 0 | N98: 0 | O98: 0
A99: KORE_AALL | B99: TRA_OT_SHIP_NAT | E99: 2.49 | F99: 2.02 | G99: 1.55 | H99: 0.58 | I99: 0.85 | J99: 0.7 | K99: 0.57 | L99: 0.46 | M99: 0.36 | N99: 0.26 | O99: 0.17
A100: KORE_AALL | B100: TRA_OT_OTHER | C100: 0.01 | D100: 0.46 | E100: 0.23 | F100: 0.24 | G100: 0.18 | H100: 0.02 | I100: 0.01 | J100: 0.01 | K100: 0.01 | L100: 0.01 | M100: 0.01 | N100: 0.01 | O100: 0.01
A101: KORE_AALL | B101: SUM | C101: 4.53 | D101: 7.13 | E101: 9.34 | F101: 5.04 | G101: 4.41 | H101: 2.01 | I101: 1.83 | J101: 1.42 | K101: 0.93 | L101: 0.71 | M101: 0.6 | N101: 0.49 | O101: 0.39
A102: LAME_REST | B102: TRA_OTH
A103: LAME_REST | B103: TRA_OT_CNS | C103: 2.68 | D103: 3.54 | E103: 4.26 | F103: 5.53 | G103: 8.31 | H103: 7.81 | I103: 10.67 | J103: 11.42 | K103: 11.5 | L103: 12.36 | M103: 13.13 | N103: 13.21 | O103: 13.15
...

Sheet Non-road CH4_CLEAN
A1: Region | B1: Sector | C1: 1990 | D1: 1995 | E1: 2000 | F1: 2005 | G1: 2010 | H1: 2015 | I1: 2020 | J1: 2025 | K1: 2030 | L1: 2035 | M1: 2040 | N1: 2045 | O1: 2050
A2: AFRI_EAST | B2: TRA_OTH
A3: AFRI_EAST | B3: TRA_OT_CNS | C3: 0.02 | D3: 0.03 | E3: 0.03 | F3: 0.04 | G3: 0.05 | H3: 0.1 | I3: 0.14 | J3: 0.15 | K3: 0.18 | L3: 0.21 | M3: 0.25 | N3: 0.29 | O3: 0.33
A4: AFRI_EAST | B4: TRA_OT_AGR | C4: 0.02 | D4: 0.02 | E4: 0.03 | F4: 0.05 | G4: 0.03 | H4: 0.04 | I4: 0.01 | J4: 0.01 | K4: 0.01 | L4: 0.01 | M4: 0.01 | N4: 0.01 | O4: 0.01
A5: AFRI_EAST | B5: TRA_OT_RAI | C5: 0.01 | D5: 0 | E5: 0 | F5: 0.01 | G5: 0 | H5: 0.01 | I5: 0.01 | J5: 0.02 | K5: 0.02 | L5: 0.02 | M5: 0.03 | N5: 0.03 | O5: 0.04
A6: AFRI_EAST | B6: TRA_OT_SHIP_NAT
A7: AFRI_EAST | B7: TRA_OT_OTHER | C7: 0.01 | D7: 0.01 | E7: 0.01 | F7: 0.01 | G7: 0.02 | H7: 0.02 | I7: 0.01 | J7: 0.01 | K7: 0.01 | L7: 0.01 | M7: 0.01 | N7: 0.02 | O7: 0.02
A8: AFRI_EAST | B8: SUM | C8: 0.05 | D8: 0.06 | E8: 0.08 | F8: 0.11 | G8: 0.1 | H8: 0.17 | I8: 0.17 | J8: 0.19 | K8: 0.22 | L8: 0.26 | M8: 0.31 | N8: 0.35 | O8: 0.4
A9: AFRI_NORT | B9: TRA_OTH
A10: AFRI_NORT | B10: TRA_OT_CNS | C10: 0.18 | D10: 0.15 | E10: 0.27 | F10: 0.24 | G10: 0.28 | H10: 0.32 | I10: 0.45 | J10: 0.38 | K10: 0.29 | L10: 0.29 | M10: 0.3 | N10: 0.29 | O10: 0.27
A11: AFRI_NORT | B11: TRA_OT_AGR | C11: 0.06 | D11: 0.09 | E11: 0.11 | F11: 0.37 | G11: 0.44 | H11: 0.27 | I11: 0.36 | J11: 0.41 | K11: 0.46 | L11: 0.49 | M11: 0.53 | N11: 0.57 | O11: 0.61
A12: AFRI_NORT | B12: TRA_OT_RAI | C12: 0 | E12: 0 | F12: 0 | G12: 0.02 | H12: 0.01 | I12: 0.02 | J12: 0.02 | K12: 0.02 | L12: 0.02 | M12: 0.02 | N12: 0.02 | O12: 0.02
A13: AFRI_NORT | B13: TRA_OT_SHIP_NAT | C13: 0.09 | D13: 0.11 | E13: 0.22 | F13: 0.13 | G13: 0.16 | H13: 0.07 | I13: 0.08 | J13: 0.1 | K13: 0.11 | L13: 0.12 | M13: 0.13 | N13: 0.13
A14: AFRI_NORT | B14: TRA_OT_OTHER | C14: 0 | D14: 0.01 | E14: 0.01 | F14: 0.01 | G14: 0.01 | H14: 0.01 | I14: 0.02 | J14: 0.02 | K14: 0.02 | L14: 0.02 | M14: 0.03 | N14: 0.03 | O14: 0.03
A15: AFRI_NORT | B15: SUM | C15: 0.34 | D15: 0.36 | E15: 0.62 | F15: 0.75 | G15: 0.9 | H15: 0.69 | I15: 0.93 | J15: 0.94 | K15: 0.91 | L15: 0.96 | M15: 1.01 | N15: 1.04 | O15: 0.93
A16: AFRI_WEST | B16: TRA_OTH
A17: AFRI_WEST | B17: TRA_OT_CNS | C17: 0.03 | D17: 0.04 | E17: 0.06 | F17: 0.06 | G17: 0.09 | H17: 0.14 | I17: 0.23 | J17: 0.28 | K17: 0.33 | L17: 0.39 | M17: 0.46 | N17: 0.53 | O17: 0.61
A18: AFRI_WEST | B18: TRA_OT_AGR | C18: 0.03 | D18: 0.04 | E18: 0.06 | F18: 0.05 | G18: 0.07 | H18: 0.11 | I18: 0.04 | J18: 0.04 | K18: 0.04 | L18: 0.04 | M18: 0.04 | N18: 0.04 | O18: 0.04
A19: AFRI_WEST | B19: TRA_OT_RAI | C19: 0.03 | D19: 0.02 | E19: 0.03 | F19: 0.02 | G19: 0.02 | H19: 0.05 | I19: 0.06 | J19: 0.07 | K19: 0.09 | L19: 0.11 | M19: 0.13 | N19: 0.15 | O19: 0.18
A20: AFRI_WEST | B20: TRA_OT_SHIP_NAT | E20: 0.05 | F20: 0.05 | G20: 0.06 | H20: 0.13 | I20: 0.14 | J20: 0.15 | K20: 0.17 | L20: 0.18 | M20: 0.2 | N20: 0.22 | O20: 0.23
A21: AFRI_WEST | B21: TRA_OT_OTHER | C21: 0.01 | D21: 0.01 | E21: 0.08 | F21: 0.13 | G21: 0.02 | H21: 0.02 | I21: 0.01 | J21: 0.01 | K21: 0.01 | L21: 0.01 | M21: 0.01 | N21: 0.02 | O21: 0.02
A22: AFRI_WEST | B22: SUM | C22: 0.1 | D22: 0.11 | E22: 0.27 | F22: 0.32 | G22: 0.27 | H22: 0.46 | I22: 0.48 | J22: 0.55 | K22: 0.63 | L22: 0.73 | M22: 0.84 | N22: 0.96 | O22: 1.08
A23: ASIA_STAN | B23: TRA_OTH
A24: ASIA_STAN | B24: TRA_OT_CNS | C24: 0.24 | D24: 0.17 | E24: 0.08 | F24: 0.09 | G24: 0.03 | H24: 0.14 | I24: 0.11 | J24: 0.11 | K24: 0.12 | L24: 0.13 | M24: 0.14 | N24: 0.13 | O24: 0.13
A25: ASIA_STAN | B25: TRA_OT_AGR | C25: 0.15 | D25: 0.1 | E25: 0.08 | F25: 0.08 | G25: 0.06 | H25: 0.07 | I25: 0.05 | J25: 0.05 | K25: 0.06 | L25: 0.06 | M25: 0.05 | N25: 0.05 | O25: 0.05
A26: ASIA_STAN | B26: TRA_OT_RAI | C26: 0.08 | D26: 0.06 | E26: 0.05 | F26: 0.05 | G26: 0.03 | H26: 0.02 | I26: 0.02 | J26: 0.03 | K26: 0.03 | L26: 0.03 | M26: 0.03 | N26: 0.03 | O26: 0.03
A27: ASIA_STAN | B27: TRA_OT_SHIP_NAT | G27: 0.01 | H27: 0.08
A28: ASIA_STAN | B28: TRA_OT_OTHER | C28: 0 | D28: 0 | E28: 0 | F28: 0 | G28: 0.01 | H28: 0 | I28: 0.01 | J28: 0.01 | K28: 0.01 | L28: 0.01 | M28: 0.01 | N28: 0.01 | O28: 0.01
A29: ASIA_STAN | B29: SUM | C29: 0.47 | D29: 0.33 | E29: 0.21 | F29: 0.23 | G29: 0.14 | H29: 0.31 | I29: 0.19 | J29: 0.2 | K29: 0.22 | L29: 0.23 | M29: 0.23 | N29: 0.23 | O29: 0.22
A30: BRAZ_WHOL | B30: TRA_OTH
A31: BRAZ_WHOL | B31: TRA_OT_CNS | C31: 0.02 | D31: 0.03 | E31: 0.03 | F31: 0.03 | G31: 0.04 | H31: 0.05 | I31: 0.04 | J31: 0.03 | K31: 0.03 | L31: 0.03 | M31: 0.03 | N31: 0.03 | O31: 0.03
A32: BRAZ_WHOL | B32: TRA_OT_AGR | C32: 0.45 | D32: 0.59 | E32: 0.62 | F32: 0.66 | G32: 0.8 | H32: 0.88 | I32: 0.94 | J32: 0.98 | K32: 1.03 | L32: 1.05 | M32: 1.06 | N32: 1.03 | O32: 0.97
A33: BRAZ_WHOL | B33: TRA_OT_RAI | C33: 0.09 | D33: 0.08 | E33: 0.07 | F33: 0.1 | G33: 0.16 | H33: 0.17 | I33: 0.17 | J33: 0.17 | K33: 0.18 | L33: 0.19 | M33: 0.2 | N33: 0.2 | O33: 0.19
A34: BRAZ_WHOL | B34: TRA_OT_SHIP_NAT | E34: 0.27 | F34: 0.33 | G34: 0.4 | H34: 0.28 | I34: 0.21 | J34: 0.19 | K34: 0.17 | L34: 0.14 | M34: 0.11 | N34: 0.08 | O34: 0.05
A35: BRAZ_WHOL | B35: TRA_OT_OTHER | C35: 0.04 | D35: 0.05 | E35: 0.07 | F35: 0.05 | G35: 0.08 | H35: 0.09 | I35: 0.07 | J35: 0.08 | K35: 0.09 | L35: 0.1 | M35: 0.11 | N35: 0.13 | O35: 0.14
A36: BRAZ_WHOL | B36: SUM | C36: 0.6 | D36: 0.75 | E36: 1.05 | F36: 1.18 | G36: 1.48 | H36: 1.47 | I36: 1.42 | J36: 1.45 | K36: 1.49 | L36: 1.52 | M36: 1.51 | N36: 1.46 | O36: 1.39
A37: CANA_WHOL | B37: TRA_OTH
A38: CANA_WHOL | B38: TRA_OT_CNS | C38: 0.18 | D38: 0.18 | E38: 0.24 | F38: 0.17 | G38: 0.2 | H38: 0.21 | I38: 0.72 | J38: 0.66 | K38: 0.61 | L38: 0.58 | M38: 0.56 | N38: 0.54 | O38: 0.52
A39: CANA_WHOL | B39: TRA_OT_AGR | C39: 0.26 | D39: 0.32 | E39: 0.37 | F39: 0.34 | G39: 0.34 | H39: 0.42 | I39: 0.85 | J39: 0.83 | K39: 0.82 | L39: 0.68 | M39: 0.67 | N39: 0.65 | O39: 0.62
A40: CANA_WHOL | B40: TRA_OT_RAI | C40: 0.35 | D40: 0.32 | E40: 0.33 | F40: 0.33 | G40: 0.33 | H40: 0.38 | I40: 0.32 | J40: 0.31 | K40: 0.3 | L40: 0.3 | M40: 0.29 | N40: 0.29 | O40: 0.29
A41: CANA_WHOL | B41: TRA_OT_SHIP_NAT | C41: 0.25 | D41: 0.25 | E41: 0.43 | F41: 0.57 | G41: 0.59 | H41: 0.37 | I41: 0.4 | J41: 0.4 | K41: 0.4 | L41: 0.4 | M41: 0.41 | N41: 0.41 | O41: 0.42
A42: CANA_WHOL | B42: TRA_OT_OTHER | C42: 0.04 | D42: 0.05 | E42: 0.05 | F42: 0.05 | G42: 0.08 | H42: 0.06 | I42: 0.12 | J42: 0.12 | K42: 0.13 | L42: 0.14 | M42: 0.14 | N42: 0.15 | O42: 0.16
A43: CANA_WHOL | B43: SUM | C43: 1.07 | D43: 1.12 | E43: 1.42 | F43: 1.46 | G43: 1.54 | H43: 1.43 | I43: 2.41 | J43: 2.33 | K43: 2.26 | L43: 2.1 | M43: 2.07 | N43: 2.04 | O43: 2
A44: CEAM_REST | B44: TRA_OTH
A45: CEAM_REST | B45: TRA_OT_CNS | C45: 0.16 | D45: 0.14 | E45: 0.14 | F45: 0.13 | G45: 0.15 | H45: 0.17 | I45: 0.1 | J45: 0.09 | K45: 0.08 | L45: 0.08 | M45: 0.09 | N45: 0.09 | O45: 0.08
A46: CEAM_REST | B46: TRA_OT_AGR | C46: 0.08 | D46: 0.06 | E46: 0.09 | F46: 0.08 | G46: 0.07 | H46: 0.07 | I46: 0.04 | J46: 0.04 | K46: 0.04 | L46: 0.04 | M46: 0.04 | N46: 0.03 | O46: 0.03
A47: CEAM_REST | B47: TRA_OT_RAI | C47: 0
A48: CEAM_REST | B48: TRA_OT_SHIP_NAT | C48: 0.07 | D48: 0.03 | E48: 0.04 | F48: 0.05 | G48: 0.02 | H48: 0.02
A49: CEAM_REST | B49: TRA_OT_OTHER | C49: 0.07 | D49: 0.04 | E49: 0.01 | F49: 0.02 | G49: 0.02 | H49: 0.02 | I49: 0.06 | J49: 0.06 | K49: 0.06 | L49: 0.06 | M49: 0.06 | N49: 0.06 | O49: 0.06
A50: CEAM_REST | B50: SUM | C50: 0.37 | D50: 0.28 | E50: 0.28 | F50: 0.27 | G50: 0.26 | H50: 0.29 | I50: 0.2 | J50: 0.19 | K50: 0.18 | L50: 0.18 | M50: 0.18 | N50: 0.18 | O50: 0.17
A51: CENT_EURO | B51: TRA_OTH
A52: CENT_EURO | B52: TRA_OT_CNS | C52: 0.2 | D52: 0.09 | E52: 0.13 | F52: 0.13 | G52: 0.13 | H52: 0.14 | I52: 0.12 | J52: 0.11 | K52: 0.12 | L52: 0.13 | M52: 0.14 | N52: 0.14 | O52: 0.14
A53: CENT_EURO | B53: TRA_OT_AGR | C53: 0.67 | D53: 0.57 | E53: 0.46 | F53: 0.42 | G53: 0.46 | H53: 0.48 | I53: 0.41 | J53: 0.4 | K53: 0.35 | L53: 0.32 | M53: 0.29 | N53: 0.27 | O53: 0.25
A54: CENT_EURO | B54: TRA_OT_RAI | C54: 0.25 | D54: 0.2 | E54: 0.16 | F54: 0.12 | G54: 0.12 | H54: 0.11 | I54: 0.07 | J54: 0.07 | K54: 0.07 | L54: 0.07 | M54: 0.06 | N54: 0.05 | O54: 0.04
A55: CENT_EURO | B55: TRA_OT_SHIP_NAT | C55: 0.11 | D55: 0.08 | E55: 0.09 | F55: 0.14 | G55: 0.16 | H55: 0.18 | I55: 0.1 | J55: 0.1 | K55: 0.11 | L55: 0.1 | M55: 0.1 | N55: 0.09 | O55: 0.08
A56: CENT_EURO | B56: TRA_OT_OTHER | C56: 1.37 | D56: 0.66 | E56: 0.62 | F56: 0.6 | G56: 0.58 | H56: 0.56 | I56: 0.11 | J56: 0.09 | K56: 0.08 | L56: 0.06 | M56: 0.05 | N56: 0.04 | O56: 0.04
A57: CENT_EURO | B57: SUM | C57: 2.6 | D57: 1.6 | E57: 1.47 | F57: 1.41 | G57: 1.45 | H57: 1.48 | I57: 0.82 | J57: 0.77 | K57: 0.72 | L57: 0.68 | M57: 0.64 | N57: 0.6 | O57: 0.55
A58: CHIN_PLUS | B58: TRA_OTH
A59: CHIN_PLUS | B59: TRA_OT_CNS | C59: 0.34 | D59: 0.38 | E59: 0.64 | F59: 0.8 | G59: 1.13 | H59: 1.07 | I59: 5.72 | J59: 5.68 | K59: 5.33 | L59: 5.15 | M59: 4.7 | N59: 4.18 | O59: 3.62
A60: CHIN_PLUS | B60: TRA_OT_AGR | C60: 1.93 | D60: 2.48 | E60: 0.99 | F60: 1.83 | G60: 1.72 | H60: 2.12 | I60: 3.2 | J60: 3.25 | K60: 3.18 | L60: 3.06 | M60: 2.93 | N60: 2.78 | O60: 2.62
A61: CHIN_PLUS | B61: TRA_OT_RAI | C61: 0.1 | D61: 0.01 | E61: 0.63 | F61: 1.11 | G61: 0.97 | H61: 0.59 | I61: 0.61 | J61: 0.63 | K61: 0.61 | L61: 0.55 | M61: 0.46 | N61: 0.35 | O61: 0.23
A62: CHIN_PLUS | B62: TRA_OT_SHIP_NAT | C62: 0.88 | D62: 0.92 | E62: 3.72 | F62: 4.39 | G62: 4.87 | H62: 6.25 | I62: 7.69 | J62: 9 | K62: 10.1 | L62: 10.93 | M62: 11.47 | N62: 11.65 | O62: 11.41
A63: CHIN_PLUS | B63: TRA_OT_OTHER | C63: 0.01 | D63: 0.07 | E63: 0.1 | F63: 0.2 | G63: 1.78 | H63: 2.43 | I63: 4 | J63: 3.35 | K63: 3.02 | L63: 2.88 | M63: 2.74 | N63: 2.49 | O63: 2.33
A64: CHIN_PLUS | B64: SUM | C64: 3.27 | D64: 3.85 | E64: 6.07 | F64: 8.33 | G64: 10.46 | H64: 12.46 | I64: 21.22 | J64: 21.91 | K64: 22.24 | L64: 22.57 | M64: 22.31 | N64: 21.45 | O64: 20.2
A65: INDI_WHOL | B65: TRA_OTH
A66: INDI_WHOL | B66: TRA_OT_CNS | C66: 0.1 | D66: 0.15 | E66: 0.23 | F66: 0.2 | G66: 0.28 | H66: 0.27 | I66: 1.26 | J66: 1.71 | K66: 2.18 | L66: 2.93 | M66: 3.97 | N66: 4.48 | O66: 4.85
A67: INDI_WHOL | B67: TRA_OT_AGR | C67: 0.12 | D67: 0.16 | E67: 0.95 | F67: 0.9 | G67: 1 | H67: 1.19 | I67: 0.64 | J67: 0.83 | K67: 0.84 | L67: 1.03 | M67: 1.19 | N67: 1.6 | O67: 1.7
A68: INDI_WHOL | B68: TRA_OT_RAI | C68: 0.27 | D68: 0.26 | E68: 0.26 | F68: 0.34 | G68: 0.43 | H68: 0.49 | I68: 0.51 | J68: 0.6 | K68: 0.67 | L68: 0.73 | M68: 0.76 | N68: 0.74 | O68: 0.69
A69: INDI_WHOL | B69: TRA_OT_SHIP_NAT | E69: 0.15 | F69: 0.2 | G69: 0.24 | H69: 0.21 | I69: 0.24 | J69: 0.31 | K69: 0.39 | L69: 0.47 | M69: 0.56 | N69: 0.64 | O69: 0.71
A70: INDI_WHOL | B70: TRA_OT_OTHER | C70: 0.01 | D70: 0.01 | E70: 0.04 | F70: 0.06 | G70: 0.09 | H70: 0.11 | I70: 0.06 | J70: 0.08 | K70: 0.11 | L70: 0.14 | M70: 0.17 | N70: 0.21 | O70: 0.25
A71: INDI_WHOL | B71: SUM | C71: 0.5 | D71: 0.58 | E71: 1.64 | F71: 1.69 | G71: 2.04 | H71: 2.27 | I71: 2.72 | J71: 3.53 | K71: 4.18 | L71: 5.3 | M71: 6.64 | N71: 7.67 | O71: 8.19
A72: INDO_PLUS | B72: TRA_OTH
A73: INDO_PLUS | B73: TRA_OT_CNS | C73: 0.13 | D73: 0.16 | E73: 0.13 | F73: 0.2 | G73: 0.2 | H73: 0.1 | I73: 0.39 | J73: 0.42 | K73: 0.4 | L73: 0.45 | M73: 0.46 | N73: 0.42 | O73: 0.36
A74: INDO_PLUS | B74: TRA_OT_AGR | C74: 0.12 | D74: 0.2 | E74: 0.37 | F74: 0.39 | G74: 0.41 | H74: 0.21 | I74: 0.28 | J74: 0.29 | K74: 0.3 | L74: 0.31 | M74: 0.31 | N74: 0.31 | O74: 0.3
A75: INDO_PLUS | B75: TRA_OT_RAI
A76: INDO_PLUS | B76: TRA_OT_SHIP_NAT | E76: 0.48 | F76: 0.4 | G76: 0.59 | H76: 0.68 | I76: 0.68 | J76: 0.83 | K76: 0.98 | L76: 1.11 | M76: 1.21 | N76: 1.27 | O76: 1.29
A77: INDO_PLUS | B77: TRA_OT_OTHER | C77: 0.01 | D77: 0.02 | E77: 0.01 | F77: 0.02 | G77: 0.03 | H77: 0.03 | I77: 0.07 | J77: 0.08 | K77: 0.09 | L77: 0.1 | M77: 0.11 | N77: 0.12 | O77: 0.13
A78: INDO_PLUS | B78: SUM | C78: 0.26 | D78: 0.38 | E78: 1 | F78: 1.01 | G78: 1.23 | H78: 1.02 | I78: 1.41 | J78: 1.63 | K78: 1.77 | L78: 1.97 | M78: 2.09 | N78: 2.11 | O78: 2.08
A79: JAPA_WHOL | B79: TRA_OTH
A80: JAPA_WHOL | B80: TRA_OT_CNS | C80: 0.59 | D80: 0.63 | E80: 0.47 | F80: 0.42 | G80: 0.34 | H80: 0.29 | I80: 0.39 | J80: 0.39 | K80: 0.38 | L80: 0.37 | M80: 0.36 | N80: 0.33 | O80: 0.31
A81: JAPA_WHOL | B81: TRA_OT_AGR | C81: 0.17 | D81: 0.19 | E81: 0.01 | F81: 0.01 | G81: 0.02 | H81: 0.02 | I81: 0.49 | J81: 0.46 | K81: 0.43 | L81: 0.42 | M81: 0.4 | N81: 0.38 | O81: 0.36
A82: JAPA_WHOL | B82: TRA_OT_RAI | C82: 0.05 | D82: 0.05 | E82: 0.04 | F82: 0.04 | G82: 0.03 | H82: 0.03 | I82: 0.02 | J82: 0.01 | K82: 0.01 | L82: 0 | M82: 0 | N82: 0 | O82: 0
A83: JAPA_WHOL | B83: TRA_OT_SHIP_NAT | E83: 1.53 | F83: 1.32 | G83: 1.09 | H83: 1.06
A84: JAPA_WHOL | B84: TRA_OT_OTHER | C84: 0.05 | D84: 0.07 | E84: 0.08 | F84: 0.08 | G84: 0.06 | H84: 0.07 | I84: 0.07 | J84: 0.07 | K84: 0.06 | L84: 0.06 | M84: 0.06 | N84: 0.06 | O84: 0.05
A85: JAPA_WHOL | B85: SUM | C85: 0.86 | D85: 0.94 | E85: 2.12 | F85: 1.87 | G85: 1.55 | H85: 1.47 | I85: 0.97 | J85: 0.92 | K85: 0.89 | L85: 0.86 | M85: 0.83 | N85: 0.77 | O85: 0.72
A86: KORE_AALL | B86: TRA_OTH
A87: KORE_AALL | B87: TRA_OT_CNS | C87: 0.09 | D87: 0.12 | E87: 0.07 | F87: 0.06 | G87: 0.09 | H87: 0.1 | I87: 0.13 | J87: 0.15 | K87: 0.17 | L87: 0.19 | M87: 0.2 | N87: 0.19 | O87: 0.18
A88: KORE_AALL | B88: TRA_OT_AGR | C88: 0.18 | D88: 0.3 | E88: 0.35 | F88: 0.12 | G88: 0.12 | H88: 0.05 | I88: 0.04 | J88: 0.04 | K88: 0.04 | L88: 0.04 | M88: 0.04 | N88: 0.03 | O88: 0.03
A89: KORE_AALL | B89: TRA_OT_RAI | C89: 0.05 | D89: 0.05 | E89: 0.05 | F89: 0.05 | G89: 0.03 | H89: 0.02 | I89: 0.01 | J89: 0.01 | K89: 0.01 | L89: 0.01 | M89: 0.01 | N89: 0.01 | O89: 0
A90: KORE_AALL | B90: TRA_OT_SHIP_NAT | E90: 0.39 | F90: 0.48 | G90: 0.4 | H90: 0.25 | I90: 0.13 | J90: 0.11 | K90: 0.09 | L90: 0.07 | M90: 0.06 | N90: 0.04 | O90: 0.03
A91: KORE_AALL | B91: TRA_OT_OTHER | C91: 0.02 | D91: 0.05 | E91: 0.03 | F91: 0.04 | G91: 0.04 | H91: 0.04 | I91: 0.03 | J91: 0.03 | K91: 0.03 | L91: 0.03 | M91: 0.03 | N91: 0.03 | O91: 0.03
A92: KORE_AALL | B92: SUM | C92: 0.34 | D92: 0.52 | E92: 0.9 | F92: 0.75 | G92: 0.68 | H92: 0.45 | I92: 0.34 | J92: 0.34 | K92: 0.34 | L92: 0.34 | M92: 0.32 | N92: 0.3 | O92: 0.27
A93: LAME_REST | B93: TRA_OTH
A94: LAME_REST | B94: TRA_OT_CNS | C94: 0.19 | D94: 0.24 | E94: 0.29 | F94: 0.38 | G94: 0.57 | H94: 0.54 | I94: 0.74 | J94: 0.79 | K94: 0.8 | L94: 0.85 | M94: 0.91 | N94: 0.91 | O94: 0.91
A95: LAME_REST | B95: TRA_OT_AGR | C95: 0.26 | D95: 0.46 | E95: 0.47 | F95: 0.66 | G95: 0.63 | H95: 0.73 | I95: 0.56 | J95: 0.56 | K95: 0.55 | L95: 0.52 | M95: 0.48 | N95: 0.44 | O95: 0.39
A96: LAME_REST | B96: TRA_OT_RAI | C96: 0.01 | D96: 0.01 | E96: 0.01 | F96: 0.01 | G96: 0.01 | H96: 0.01 | I96: 0.01 | J96: 0.01 | K96: 0.01 | L96: 0.01 | M96: 0 | N96: 0 | O96: 0
A97: LAME_REST | B97: TRA_OT_SHIP_NAT | C97: 0.16 | D97: 0.13 | E97: 0.22 | F97: 0.3 | G97: 0.38 | H97: 0.44 | I97: 0.1 | J97: 0.1 | K97: 0.1 | L97: 0.1 | M97: 0.1 | N97: 0.1 | O97: 0.1
A98: LAME_REST | B98: TRA_OT_OTHER | C98: 0.01 | D98: 0.02 | E98: 0.02 | F98: 0.02 | G98: 0.02 | H98: 0.03 | I98: 0.03 | J98: 0.03 | K98: 0.03 | L98: 0.04 | M98: 0.04 | N98: 0.05 | O98: 0.05
A99: LAME_REST | B99: SUM | C99: 0.63 | D99: 0.87 | E99: 1.02 | F99: 1.37 | G99: 1.62 | H99: 1.75 | I99: 1.44 | J99: 1.49 | K99: 1.48 | L99: 1.52 | M99: 1.54 | N99: 1.51 | O99: 1.45
A100: MEXI_WHOL | B100: TRA_OTH
...

Sheet Non-road CH4
A1: CH4 emissions from non-road transport
A3: Pollutant: CH4
A4: Scenario: ECLIPSE_V6b_CLE_base
A5: Region: All EMF Regions
A6: UserID: jm110
A7: Unit: kt CH4
A10: Region | B10: [kt/yr] | C10: 1990 | D10: 1995 | E10: 2000 | F10: 2005 | G10: 2010 | H10: 2015 | I10: 2020 | J10: 2025 | K10: 2030 | L10: 2035 | M10: 2040 | N10: 2045 | O10: 2050
A11: AFRI_EAST | B11: TRA_OTH
A12: AFRI_EAST | B12: TRA_OT_CNS | C12: 0.02 | D12: 0.03 | E12: 0.03 | F12: 0.04 | G12: 0.05 | H12: 0.1 | I12: 0.14 | J12: 0.15 | K12: 0.18 | L12: 0.21 | M12: 0.25 | N12: 0.29 | O12: 0.33
A13: AFRI_EAST | B13: TRA_OT_AGR | C13: 0.02 | D13: 0.02 | E13: 0.03 | F13: 0.05 | G13: 0.03 | H13: 0.04 | I13: 0.01 | J13: 0.01 | K13: 0.01 | L13: 0.01 | M13: 0.01 | N13: 0.01 | O13: 0.01
A14: AFRI_EAST | B14: TRA_OT_RAI | C14: 0.01 | D14: 0 | E14: 0 | F14: 0.01 | G14: 0 | H14: 0.01 | I14: 0.01 | J14: 0.02 | K14: 0.02 | L14: 0.02 | M14: 0.03 | N14: 0.03 | O14: 0.04
A15: AFRI_EAST | B15: TRA_OT_SHIP_NAT
A16: AFRI_EAST | B16: TRA_OT_OTHER | C16: 0.01 | D16: 0.01 | E16: 0.01 | F16: 0.01 | G16: 0.02 | H16: 0.02 | I16: 0.01 | J16: 0.01 | K16: 0.01 | L16: 0.01 | M16: 0.01 | N16: 0.02 | O16: 0.02
A17: AFRI_EAST | B17: SUM | C17: 0.05 | D17: 0.06 | E17: 0.08 | F17: 0.11 | G17: 0.1 | H17: 0.17 | I17: 0.17 | J17: 0.19 | K17: 0.22 | L17: 0.26 | M17: 0.31 | N17: 0.35 | O17: 0.4
A18: AFRI_NORT | B18: TRA_OTH
A19: AFRI_NORT | B19: TRA_OT_CNS | C19: 0.18 | D19: 0.15 | E19: 0.27 | F19: 0.24 | G19: 0.28 | H19: 0.32 | I19: 0.45 | J19: 0.38 | K19: 0.29 | L19: 0.29 | M19: 0.3 | N19: 0.29 | O19: 0.27
A20: AFRI_NORT | B20: TRA_OT_AGR | C20: 0.06 | D20: 0.09 | E20: 0.11 | F20: 0.37 | G20: 0.44 | H20: 0.27 | I20: 0.36 | J20: 0.41 | K20: 0.46 | L20: 0.49 | M20: 0.53 | N20: 0.57 | O20: 0.61
A21: AFRI_NORT | B21: TRA_OT_RAI | C21: 0 | E21: 0 | F21: 0 | G21: 0.02 | H21: 0.01 | I21: 0.02 | J21: 0.02 | K21: 0.02 | L21: 0.02 | M21: 0.02 | N21: 0.02 | O21: 0.02
A22: AFRI_NORT | B22: TRA_OT_SHIP_NAT | C22: 0.09 | D22: 0.11 | E22: 0.22 | F22: 0.13 | G22: 0.16 | H22: 0.07 | I22: 0.08 | J22: 0.1 | K22: 0.11 | L22: 0.12 | M22: 0.13 | N22: 0.13
A23: AFRI_NORT | B23: TRA_OT_OTHER | C23: 0 | D23: 0.01 | E23: 0.01 | F23: 0.01 | G23: 0.01 | H23: 0.01 | I23: 0.02 | J23: 0.02 | K23: 0.02 | L23: 0.02 | M23: 0.03 | N23: 0.03 | O23: 0.03
A24: AFRI_NORT | B24: SUM | C24: 0.34 | D24: 0.36 | E24: 0.62 | F24: 0.75 | G24: 0.9 | H24: 0.69 | I24: 0.93 | J24: 0.94 | K24: 0.91 | L24: 0.96 | M24: 1.01 | N24: 1.04 | O24: 0.93
A25: AFRI_WEST | B25: TRA_OTH
A26: AFRI_WEST | B26: TRA_OT_CNS | C26: 0.03 | D26: 0.04 | E26: 0.06 | F26: 0.06 | G26: 0.09 | H26: 0.14 | I26: 0.23 | J26: 0.28 | K26: 0.33 | L26: 0.39 | M26: 0.46 | N26: 0.53 | O26: 0.61
A27: AFRI_WEST | B27: TRA_OT_AGR | C27: 0.03 | D27: 0.04 | E27: 0.06 | F27: 0.05 | G27: 0.07 | H27: 0.11 | I27: 0.04 | J27: 0.04 | K27: 0.04 | L27: 0.04 | M27: 0.04 | N27: 0.04 | O27: 0.04
A28: AFRI_WEST | B28: TRA_OT_RAI | C28: 0.03 | D28: 0.02 | E28: 0.03 | F28: 0.02 | G28: 0.02 | H28: 0.05 | I28: 0.06 | J28: 0.07 | K28: 0.09 | L28: 0.11 | M28: 0.13 | N28: 0.15 | O28: 0.18
A29: AFRI_WEST | B29: TRA_OT_SHIP_NAT | E29: 0.05 | F29: 0.05 | G29: 0.06 | H29: 0.13 | I29: 0.14 | J29: 0.15 | K29: 0.17 | L29: 0.18 | M29: 0.2 | N29: 0.22 | O29: 0.23
A30: AFRI_WEST | B30: TRA_OT_OTHER | C30: 0.01 | D30: 0.01 | E30: 0.08 | F30: 0.13 | G30: 0.02 | H30: 0.02 | I30: 0.01 | J30: 0.01 | K30: 0.01 | L30: 0.01 | M30: 0.01 | N30: 0.02 | O30: 0.02
A31: AFRI_WEST | B31: SUM | C31: 0.1 | D31: 0.11 | E31: 0.27 | F31: 0.32 | G31: 0.27 | H31: 0.46 | I31: 0.48 | J31: 0.55 | K31: 0.63 | L31: 0.73 | M31: 0.84 | N31: 0.96 | O31: 1.08
A32: ASIA_STAN | B32: TRA_OTH
A33: ASIA_STAN | B33: TRA_OT_CNS | C33: 0.24 | D33: 0.17 | E33: 0.08 | F33: 0.09 | G33: 0.03 | H33: 0.14 | I33: 0.11 | J33: 0.11 | K33: 0.12 | L33: 0.13 | M33: 0.14 | N33: 0.13 | O33: 0.13
A34: ASIA_STAN | B34: TRA_OT_AGR | C34: 0.15 | D34: 0.1 | E34: 0.08 | F34: 0.08 | G34: 0.06 | H34: 0.07 | I34: 0.05 | J34: 0.05 | K34: 0.06 | L34: 0.06 | M34: 0.05 | N34: 0.05 | O34: 0.05
A35: ASIA_STAN | B35: TRA_OT_RAI | C35: 0.08 | D35: 0.06 | E35: 0.05 | F35: 0.05 | G35: 0.03 | H35: 0.02 | I35: 0.02 | J35: 0.03 | K35: 0.03 | L35: 0.03 | M35: 0.03 | N35: 0.03 | O35: 0.03
A36: ASIA_STAN | B36: TRA_OT_SHIP_NAT | G36: 0.01 | H36: 0.08
A37: ASIA_STAN | B37: TRA_OT_OTHER | C37: 0 | D37: 0 | E37: 0 | F37: 0 | G37: 0.01 | H37: 0 | I37: 0.01 | J37: 0.01 | K37: 0.01 | L37: 0.01 | M37: 0.01 | N37: 0.01 | O37: 0.01
A38: ASIA_STAN | B38: SUM | C38: 0.47 | D38: 0.33 | E38: 0.21 | F38: 0.23 | G38: 0.14 | H38: 0.31 | I38: 0.19 | J38: 0.2 | K38: 0.22 | L38: 0.23 | M38: 0.23 | N38: 0.23 | O38: 0.22
A39: BRAZ_WHOL | B39: TRA_OTH
A40: BRAZ_WHOL | B40: TRA_OT_CNS | C40: 0.02 | D40: 0.03 | E40: 0.03 | F40: 0.03 | G40: 0.04 | H40: 0.05 | I40: 0.04 | J40: 0.03 | K40: 0.03 | L40: 0.03 | M40: 0.03 | N40: 0.03 | O40: 0.03
A41: BRAZ_WHOL | B41: TRA_OT_AGR | C41: 0.45 | D41: 0.59 | E41: 0.62 | F41: 0.66 | G41: 0.8 | H41: 0.88 | I41: 0.94 | J41: 0.98 | K41: 1.03 | L41: 1.05 | M41: 1.06 | N41: 1.03 | O41: 0.97
A42: BRAZ_WHOL | B42: TRA_OT_RAI | C42: 0.09 | D42: 0.08 | E42: 0.07 | F42: 0.1 | G42: 0.16 | H42: 0.17 | I42: 0.17 | J42: 0.17 | K42: 0.18 | L42: 0.19 | M42: 0.2 | N42: 0.2 | O42: 0.19
A43: BRAZ_WHOL | B43: TRA_OT_SHIP_NAT | E43: 0.27 | F43: 0.33 | G43: 0.4 | H43: 0.28 | I43: 0.21 | J43: 0.19 | K43: 0.17 | L43: 0.14 | M43: 0.11 | N43: 0.08 | O43: 0.05
A44: BRAZ_WHOL | B44: TRA_OT_OTHER | C44: 0.04 | D44: 0.05 | E44: 0.07 | F44: 0.05 | G44: 0.08 | H44: 0.09 | I44: 0.07 | J44: 0.08 | K44: 0.09 | L44: 0.1 | M44: 0.11 | N44: 0.13 | O44: 0.14
A45: BRAZ_WHOL | B45: SUM | C45: 0.6 | D45: 0.75 | E45: 1.05 | F45: 1.18 | G45: 1.48 | H45: 1.47 | I45: 1.42 | J45: 1.45 | K45: 1.49 | L45: 1.52 | M45: 1.51 | N45: 1.46 | O45: 1.39
A46: CANA_WHOL | B46: TRA_OTH
A47: CANA_WHOL | B47: TRA_OT_CNS | C47: 0.18 | D47: 0.18 | E47: 0.24 | F47: 0.17 | G47: 0.2 | H47: 0.21 | I47: 0.72 | J47: 0.66 | K47: 0.61 | L47: 0.58 | M47: 0.56 | N47: 0.54 | O47: 0.52
A48: CANA_WHOL | B48: TRA_OT_AGR | C48: 0.26 | D48: 0.32 | E48: 0.37 | F48: 0.34 | G48: 0.34 | H48: 0.42 | I48: 0.85 | J48: 0.83 | K48: 0.82 | L48: 0.68 | M48: 0.67 | N48: 0.65 | O48: 0.62
A49: CANA_WHOL | B49: TRA_OT_RAI | C49: 0.35 | D49: 0.32 | E49: 0.33 | F49: 0.33 | G49: 0.33 | H49: 0.38 | I49: 0.32 | J49: 0.31 | K49: 0.3 | L49: 0.3 | M49: 0.29 | N49: 0.29 | O49: 0.29
A50: CANA_WHOL | B50: TRA_OT_SHIP_NAT | C50: 0.25 | D50: 0.25 | E50: 0.43 | F50: 0.57 | G50: 0.59 | H50: 0.37 | I50: 0.4 | J50: 0.4 | K50: 0.4 | L50: 0.4 | M50: 0.41 | N50: 0.41 | O50: 0.42
A51: CANA_WHOL | B51: TRA_OT_OTHER | C51: 0.04 | D51: 0.05 | E51: 0.05 | F51: 0.05 | G51: 0.08 | H51: 0.06 | I51: 0.12 | J51: 0.12 | K51: 0.13 | L51: 0.14 | M51: 0.14 | N51: 0.15 | O51: 0.16
A52: CANA_WHOL | B52: SUM | C52: 1.07 | D52: 1.12 | E52: 1.42 | F52: 1.46 | G52: 1.54 | H52: 1.43 | I52: 2.41 | J52: 2.33 | K52: 2.26 | L52: 2.1 | M52: 2.07 | N52: 2.04 | O52: 2
A53: CEAM_REST | B53: TRA_OTH
A54: CEAM_REST | B54: TRA_OT_CNS | C54: 0.16 | D54: 0.14 | E54: 0.14 | F54: 0.13 | G54: 0.15 | H54: 0.17 | I54: 0.1 | J54: 0.09 | K54: 0.08 | L54: 0.08 | M54: 0.09 | N54: 0.09 | O54: 0.08
A55: CEAM_REST | B55: TRA_OT_AGR | C55: 0.08 | D55: 0.06 | E55: 0.09 | F55: 0.08 | G55: 0.07 | H55: 0.07 | I55: 0.04 | J55: 0.04 | K55: 0.04 | L55: 0.04 | M55: 0.04 | N55: 0.03 | O55: 0.03
A56: CEAM_REST | B56: TRA_OT_RAI | C56: 0
A57: CEAM_REST | B57: TRA_OT_SHIP_NAT | C57: 0.07 | D57: 0.03 | E57: 0.04 | F57: 0.05 | G57: 0.02 | H57: 0.02
A58: CEAM_REST | B58: TRA_OT_OTHER | C58: 0.07 | D58: 0.04 | E58: 0.01 | F58: 0.02 | G58: 0.02 | H58: 0.02 | I58: 0.06 | J58: 0.06 | K58: 0.06 | L58: 0.06 | M58: 0.06 | N58: 0.06 | O58: 0.06
A59: CEAM_REST | B59: SUM | C59: 0.37 | D59: 0.28 | E59: 0.28 | F59: 0.27 | G59: 0.26 | H59: 0.29 | I59: 0.2 | J59: 0.19 | K59: 0.18 | L59: 0.18 | M59: 0.18 | N59: 0.18 | O59: 0.17
A60: CENT_EURO | B60: TRA_OTH
A61: CENT_EURO | B61: TRA_OT_CNS | C61: 0.2 | D61: 0.09 | E61: 0.13 | F61: 0.13 | G61: 0.13 | H61: 0.14 | I61: 0.12 | J61: 0.11 | K61: 0.12 | L61: 0.13 | M61: 0.14 | N61: 0.14 | O61: 0.14
A62: CENT_EURO | B62: TRA_OT_AGR | C62: 0.67 | D62: 0.57 | E62: 0.46 | F62: 0.42 | G62: 0.46 | H62: 0.48 | I62: 0.41 | J62: 0.4 | K62: 0.35 | L62: 0.32 | M62: 0.29 | N62: 0.27 | O62: 0.25
A63: CENT_EURO | B63: TRA_OT_RAI | C63: 0.25 | D63: 0.2 | E63: 0.16 | F63: 0.12 | G63: 0.12 | H63: 0.11 | I63: 0.07 | J63: 0.07 | K63: 0.07 | L63: 0.07 | M63: 0.06 | N63: 0.05 | O63: 0.04
A64: CENT_EURO | B64: TRA_OT_SHIP_NAT | C64: 0.11 | D64: 0.08 | E64: 0.09 | F64: 0.14 | G64: 0.16 | H64: 0.18 | I64: 0.1 | J64: 0.1 | K64: 0.11 | L64: 0.1 | M64: 0.1 | N64: 0.09 | O64: 0.08
A65: CENT_EURO | B65: TRA_OT_OTHER | C65: 1.37 | D65: 0.66 | E65: 0.62 | F65: 0.6 | G65: 0.58 | H65: 0.56 | I65: 0.11 | J65: 0.09 | K65: 0.08 | L65: 0.06 | M65: 0.05 | N65: 0.04 | O65: 0.04
A66: CENT_EURO | B66: SUM | C66: 2.6 | D66: 1.6 | E66: 1.47 | F66: 1.41 | G66: 1.45 | H66: 1.48 | I66: 0.82 | J66: 0.77 | K66: 0.72 | L66: 0.68 | M66: 0.64 | N66: 0.6 | O66: 0.55
A67: CHIN_PLUS | B67: TRA_OTH
A68: CHIN_PLUS | B68: TRA_OT_CNS | C68: 0.34 | D68: 0.38 | E68: 0.64 | F68: 0.8 | G68: 1.13 | H68: 1.07 | I68: 5.72 | J68: 5.68 | K68: 5.33 | L68: 5.15 | M68: 4.7 | N68: 4.18 | O68: 3.62
A69: CHIN_PLUS | B69: TRA_OT_AGR | C69: 1.93 | D69: 2.48 | E69: 0.99 | F69: 1.83 | G69: 1.72 | H69: 2.12 | I69: 3.2 | J69: 3.25 | K69: 3.18 | L69: 3.06 | M69: 2.93 | N69: 2.78 | O69: 2.62
A70: CHIN_PLUS | B70: TRA_OT_RAI | C70: 0.1 | D70: 0.01 | E70: 0.63 | F70: 1.11 | G70: 0.97 | H70: 0.59 | I70: 0.61 | J70: 0.63 | K70: 0.61 | L70: 0.55 | M70: 0.46 | N70: 0.35 | O70: 0.23
A71: CHIN_PLUS | B71: TRA_OT_SHIP_NAT | C71: 0.88 | D71: 0.92 | E71: 3.72 | F71: 4.39 | G71: 4.87 | H71: 6.25 | I71: 7.69 | J71: 9 | K71: 10.1 | L71: 10.93 | M71: 11.47 | N71: 11.65 | O71: 11.41
A72: CHIN_PLUS | B72: TRA_OT_OTHER | C72: 0.01 | D72: 0.07 | E72: 0.1 | F72: 0.2 | G72: 1.78 | H72: 2.43 | I72: 4 | J72: 3.35 | K72: 3.02 | L72: 2.88 | M72: 2.74 | N72: 2.49 | O72: 2.33
A73: CHIN_PLUS | B73: SUM | C73: 3.27 | D73: 3.85 | E73: 6.07 | F73: 8.33 | G73: 10.46 | H73: 12.46 | I73: 21.22 | J73: 21.91 | K73: 22.24 | L73: 22.57 | M73: 22.31 | N73: 21.45 | O73: 20.2
A74: INDI_WHOL | B74: TRA_OTH
A75: INDI_WHOL | B75: TRA_OT_CNS | C75: 0.1 | D75: 0.15 | E75: 0.23 | F75: 0.2 | G75: 0.28 | H75: 0.27 | I75: 1.26 | J75: 1.71 | K75: 2.18 | L75: 2.93 | M75: 3.97 | N75: 4.48 | O75: 4.85
A76: INDI_WHOL | B76: TRA_OT_AGR | C76: 0.12 | D76: 0.16 | E76: 0.95 | F76: 0.9 | G76: 1 | H76: 1.19 | I76: 0.64 | J76: 0.83 | K76: 0.84 | L76: 1.03 | M76: 1.19 | N76: 1.6 | O76: 1.7
A77: INDI_WHOL | B77: TRA_OT_RAI | C77: 0.27 | D77: 0.26 | E77: 0.26 | F77: 0.34 | G77: 0.43 | H77: 0.49 | I77: 0.51 | J77: 0.6 | K77: 0.67 | L77: 0.73 | M77: 0.76 | N77: 0.74 | O77: 0.69
A78: INDI_WHOL | B78: TRA_OT_SHIP_NAT | E78: 0.15 | F78: 0.2 | G78: 0.24 | H78: 0.21 | I78: 0.24 | J78: 0.31 | K78: 0.39 | L78: 0.47 | M78: 0.56 | N78: 0.64 | O78: 0.71
A79: INDI_WHOL | B79: TRA_OT_OTHER | C79: 0.01 | D79: 0.01 | E79: 0.04 | F79: 0.06 | G79: 0.09 | H79: 0.11 | I79: 0.06 | J79: 0.08 | K79: 0.11 | L79: 0.14 | M79: 0.17 | N79: 0.21 | O79: 0.25
A80: INDI_WHOL | B80: SUM | C80: 0.5 | D80: 0.58 | E80: 1.64 | F80: 1.69 | G80: 2.04 | H80: 2.27 | I80: 2.72 | J80: 3.53 | K80: 4.18 | L80: 5.3 | M80: 6.64 | N80: 7.67 | O80: 8.19
A81: INDO_PLUS | B81: TRA_OTH
A82: INDO_PLUS | B82: TRA_OT_CNS | C82: 0.13 | D82: 0.16 | E82: 0.13 | F82: 0.2 | G82: 0.2 | H82: 0.1 | I82: 0.39 | J82: 0.42 | K82: 0.4 | L82: 0.45 | M82: 0.46 | N82: 0.42 | O82: 0.36
A83: INDO_PLUS | B83: TRA_OT_AGR | C83: 0.12 | D83: 0.2 | E83: 0.37 | F83: 0.39 | G83: 0.41 | H83: 0.21 | I83: 0.28 | J83: 0.29 | K83: 0.3 | L83: 0.31 | M83: 0.31 | N83: 0.31 | O83: 0.3
A84: INDO_PLUS | B84: TRA_OT_RAI
A85: INDO_PLUS | B85: TRA_OT_SHIP_NAT | E85: 0.48 | F85: 0.4 | G85: 0.59 | H85: 0.68 | I85: 0.68 | J85: 0.83 | K85: 0.98 | L85: 1.11 | M85: 1.21 | N85: 1.27 | O85: 1.29
A86: INDO_PLUS | B86: TRA_OT_OTHER | C86: 0.01 | D86: 0.02 | E86: 0.01 | F86: 0.02 | G86: 0.03 | H86: 0.03 | I86: 0.07 | J86: 0.08 | K86: 0.09 | L86: 0.1 | M86: 0.11 | N86: 0.12 | O86: 0.13
A87: INDO_PLUS | B87: SUM | C87: 0.26 | D87: 0.38 | E87: 1 | F87: 1.01 | G87: 1.23 | H87: 1.02 | I87: 1.41 | J87: 1.63 | K87: 1.77 | L87: 1.97 | M87: 2.09 | N87: 2.11 | O87: 2.08
A88: JAPA_WHOL | B88: TRA_OTH
A89: JAPA_WHOL | B89: TRA_OT_CNS | C89: 0.59 | D89: 0.63 | E89: 0.47 | F89: 0.42 | G89: 0.34 | H89: 0.29 | I89: 0.39 | J89: 0.39 | K89: 0.38 | L89: 0.37 | M89: 0.36 | N89: 0.33 | O89: 0.31
A90: JAPA_WHOL | B90: TRA_OT_AGR | C90: 0.17 | D90: 0.19 | E90: 0.01 | F90: 0.01 | G90: 0.02 | H90: 0.02 | I90: 0.49 | J90: 0.46 | K90: 0.43 | L90: 0.42 | M90: 0.4 | N90: 0.38 | O90: 0.36
A91: JAPA_WHOL | B91: TRA_OT_RAI | C91: 0.05 | D91: 0.05 | E91: 0.04 | F91: 0.04 | G91: 0.03 | H91: 0.03 | I91: 0.02 | J91: 0.01 | K91: 0.01 | L91: 0 | M91: 0 | N91: 0 | O91: 0
A92: JAPA_WHOL | B92: TRA_OT_SHIP_NAT | E92: 1.53 | F92: 1.32 | G92: 1.09 | H92: 1.06
A93: JAPA_WHOL | B93: TRA_OT_OTHER | C93: 0.05 | D93: 0.07 | E93: 0.08 | F93: 0.08 | G93: 0.06 | H93: 0.07 | I93: 0.07 | J93: 0.07 | K93: 0.06 | L93: 0.06 | M93: 0.06 | N93: 0.06 | O93: 0.05
A94: JAPA_WHOL | B94: SUM | C94: 0.86 | D94: 0.94 | E94: 2.12 | F94: 1.87 | G94: 1.55 | H94: 1.47 | I94: 0.97 | J94: 0.92 | K94: 0.89 | L94: 0.86 | M94: 0.83 | N94: 0.77 | O94: 0.72
A95: KORE_AALL | B95: TRA_OTH
A96: KORE_AALL | B96: TRA_OT_CNS | C96: 0.09 | D96: 0.12 | E96: 0.07 | F96: 0.06 | G96: 0.09 | H96: 0.1 | I96: 0.13 | J96: 0.15 | K96: 0.17 | L96: 0.19 | M96: 0.2 | N96: 0.19 | O96: 0.18
A97: KORE_AALL | B97: TRA_OT_AGR | C97: 0.18 | D97: 0.3 | E97: 0.35 | F97: 0.12 | G97: 0.12 | H97: 0.05 | I97: 0.04 | J97: 0.04 | K97: 0.04 | L97: 0.04 | M97: 0.04 | N97: 0.03 | O97: 0.03
A98: KORE_AALL | B98: TRA_OT_RAI | C98: 0.05 | D98: 0.05 | E98: 0.05 | F98: 0.05 | G98: 0.03 | H98: 0.02 | I98: 0.01 | J98: 0.01 | K98: 0.01 | L98: 0.01 | M98: 0.01 | N98: 0.01 | O98: 0
A99: KORE_AALL | B99: TRA_OT_SHIP_NAT | E99: 0.39 | F99: 0.48 | G99: 0.4 | H99: 0.25 | I99: 0.13 | J99: 0.11 | K99: 0.09 | L99: 0.07 | M99: 0.06 | N99: 0.04 | O99: 0.03
A100: KORE_AALL | B100: TRA_OT_OTHER | C100: 0.02 | D100: 0.05 | E100: 0.03 | F100: 0.04 | G100: 0.04 | H100: 0.04 | I100: 0.03 | J100: 0.03 | K100: 0.03 | L100: 0.03 | M100: 0.03 | N100: 0.03 | O100: 0.03
A101: KORE_AALL | B101: SUM | C101: 0.34 | D101: 0.52 | E101: 0.9 | F101: 0.75 | G101: 0.68 | H101: 0.45 | I101: 0.34 | J101: 0.34 | K101: 0.34 | L101: 0.34 | M101: 0.32 | N101: 0.3 | O101: 0.27
A102: LAME_REST | B102: TRA_OTH
A103: LAME_REST | B103: TRA_OT_CNS | C103: 0.19 | D103: 0.24 | E103: 0.29 | F103: 0.38 | G103: 0.57 | H103: 0.54 | I103: 0.74 | J103: 0.79 | K103: 0.8 | L103: 0.85 | M103: 0.91 | N103: 0.91 | O103: 0.91
...

Sheet Road summary
A2: CO2 emissions from road transport (Mt CO2)
B3: 1990 | C3: 1995 | D3: 2000 | E3: 2005 | F3: 2010 | G3: 2015 | H3: 2020 | I3: 2025 | J3: 2030 | K3: 2035 | L3: 2040 | M3: 2045 | N3: 2050
A4: TRA_RD_P2W | B4: =SUMIF('Road CO2'!$B:$B,'Road summary'!$A4,'Road CO2'!C:C) -> 79.08 | C4: =SUMIF('Road CO2'!$B:$B,'Road summary'!$A4,'Road CO2'!D:D) -> 90.63 | D4: =SUMIF('Road CO2'!$B:$B,'Road summary'!$A4,'Road CO2'!E:E) -> 99.76 | E4: =SUMIF('Road CO2'!$B:$B,'Road summary'!$A4,'Road CO2'!F:F) -> 132.7 | F4: =SUMIF('Road CO2'!$B:$B,'Road summary'!$A4,'Road CO2'!G:G) -> 180.82 | G4: =SUMIF('Road CO2'!$B:$B,'Road summary'!$A4,'Road CO2'!H:H) -> 234.42 | H4: =SUMIF('Road CO2'!$B:$B,'Road summary'!$A4,'Road CO2'!I:I) -> 213.11 | I4: =SUMIF('Road CO2'!$B:$B,'Road summary'!$A4,'Road CO2'!J:J) -> 211.54 | J4: =SUMIF('Road CO2'!$B:$B,'Road summary'!$A4,'Road CO2'!K:K) -> 200.19 | K4: =SUMIF('Road CO2'!$B:$B,'Road summary'!$A4,'Road CO2'!L:L) -> 190.48 | L4: =SUMIF('Road CO2'!$B:$B,'Road summary'!$A4,'Road CO2'!M:M) -> 174.65 | M4: =SUMIF('Road CO2'!$B:$B,'Road summary'!$A4,'Road CO2'!N:N) -> 152.33 | N4: =SUMIF('Road CO2'!$B:$B,'Road summary'!$A4,'Road CO2'!O:O) -> 131.51
A5: TRA_RD_LDD | B5: =SUMIF('Road CO2'!$B:$B,'Road summary'!$A5,'Road CO2'!C:C) -> 226.28 | C5: =SUMIF('Road CO2'!$B:$B,'Road summary'!$A5,'Road CO2'!D:D) -> 314.6 | D5: =SUMIF('Road CO2'!$B:$B,'Road summary'!$A5,'Road CO2'!E:E) -> 428.06 | E5: =SUMIF('Road CO2'!$B:$B,'Road summary'!$A5,'Road CO2'!F:F) -> 579.2 | F5: =SUMIF('Road CO2'!$B:$B,'Road summary'!$A5,'Road CO2'!G:G) -> 615.88 | G5: =SUMIF('Road CO2'!$B:$B,'Road summary'!$A5,'Road CO2'!H:H) -> 686.61 | H5: =SUMIF('Road CO2'!$B:$B,'Road summary'!$A5,'Road CO2'!I:I) -> 629.64 | I5: =SUMIF('Road CO2'!$B:$B,'Road summary'!$A5,'Road CO2'!J:J) -> 640.03 | J5: =SUMIF('Road CO2'!$B:$B,'Road summary'!$A5,'Road CO2'!K:K) -> 598.69 | K5: =SUMIF('Road CO2'!$B:$B,'Road summary'!$A5,'Road CO2'!L:L) -> 524.32 | L5: =SUMIF('Road CO2'!$B:$B,'Road summary'!$A5,'Road CO2'!M:M) -> 465.82 | M5: =SUMIF('Road CO2'!$B:$B,'Road summary'!$A5,'Road CO2'!N:N) -> 425.31 | N5: =SUMIF('Road CO2'!$B:$B,'Road summary'!$A5,'Road CO2'!O:O) -> 397.73
A6: TRA_RD_LDG | B6: =SUMIF('Road CO2'!$B:$B,'Road summary'!$A6,'Road CO2'!C:C) -> 1944.51 | C6: =SUMIF('Road CO2'!$B:$B,'Road summary'!$A6,'Road CO2'!D:D) -> 2125.73 | D6: =SUMIF('Road CO2'!$B:$B,'Road summary'!$A6,'Road CO2'!E:E) -> 2311.46 | E6: =SUMIF('Road CO2'!$B:$B,'Road summary'!$A6,'Road CO2'!F:F) -> 2437.57 | F6: =SUMIF('Road CO2'!$B:$B,'Road summary'!$A6,'Road CO2'!G:G) -> 2493.65 | G6: =SUMIF('Road CO2'!$B:$B,'Road summary'!$A6,'Road CO2'!H:H) -> 2645.18 | H6: =SUMIF('Road CO2'!$B:$B,'Road summary'!$A6,'Road CO2'!I:I) -> 2721.33 | I6: =SUMIF('Road CO2'!$B:$B,'Road summary'!$A6,'Road CO2'!J:J) -> 2821.6 | J6: =SUMIF('Road CO2'!$B:$B,'Road summary'!$A6,'Road CO2'!K:K) -> 2865.41 | K6: =SUMIF('Road CO2'!$B:$B,'Road summary'!$A6,'Road CO2'!L:L) -> 2824.81 | L6: =SUMIF('Road CO2'!$B:$B,'Road summary'!$A6,'Road CO2'!M:M) -> 2827.45 | M6: =SUMIF('Road CO2'!$B:$B,'Road summary'!$A6,'Road CO2'!N:N) -> 2835.05 | N6: =SUMIF('Road CO2'!$B:$B,'Road summary'!$A6,'Road CO2'!O:O) -> 2811.64
A7: TRA_RD_HD | B7: =SUMIF('Road CO2'!$B:$B,'Road summary'!$A7,'Road CO2'!C:C) -> 740.02 | C7: =SUMIF('Road CO2'!$B:$B,'Road summary'!$A7,'Road CO2'!D:D) -> 833.71 | D7: =SUMIF('Road CO2'!$B:$B,'Road summary'!$A7,'Road CO2'!E:E) -> 1018.73 | E7: =SUMIF('Road CO2'!$B:$B,'Road summary'!$A7,'Road CO2'!F:F) -> 1193.86 | F7: =SUMIF('Road CO2'!$B:$B,'Road summary'!$A7,'Road CO2'!G:G) -> 1422 | G7: =SUMIF('Road CO2'!$B:$B,'Road summary'!$A7,'Road CO2'!H:H) -> 1568.23 | H7: =SUMIF('Road CO2'!$B:$B,'Road summary'!$A7,'Road CO2'!I:I) -> 1800.11 | I7: =SUMIF('Road CO2'!$B:$B,'Road summary'!$A7,'Road CO2'!J:J) -> 1966.71 | J7: =SUMIF('Road CO2'!$B:$B,'Road summary'!$A7,'Road CO2'!K:K) -> 2074.16 | K7: =SUMIF('Road CO2'!$B:$B,'Road summary'!$A7,'Road CO2'!L:L) -> 2220.11 | L7: =SUMIF('Road CO2'!$B:$B,'Road summary'!$A7,'Road CO2'!M:M) -> 2394.84 | M7: =SUMIF('Road CO2'!$B:$B,'Road summary'!$A7,'Road CO2'!N:N) -> 2535.76 | N7: =SUMIF('Road CO2'!$B:$B,'Road summary'!$A7,'Road CO2'!O:O) -> 2652.29
A8: TRA_RD_WEAR | B8: =SUMIF('Road CO2'!$B:$B,'Road summary'!$A8,'Road CO2'!C:C) -> 0 | C8: =SUMIF('Road CO2'!$B:$B,'Road summary'!$A8,'Road CO2'!D:D) -> 0 | D8: =SUMIF('Road CO2'!$B:$B,'Road summary'!$A8,'Road CO2'!E:E) -> 0 | E8: =SUMIF('Road CO2'!$B:$B,'Road summary'!$A8,'Road CO2'!F:F) -> 0 | F8: =SUMIF('Road CO2'!$B:$B,'Road summary'!$A8,'Road CO2'!G:G) -> 0 | G8: =SUMIF('Road CO2'!$B:$B,'Road summary'!$A8,'Road CO2'!H:H) -> 0 | H8: =SUMIF('Road CO2'!$B:$B,'Road summary'!$A8,'Road CO2'!I:I) -> 0 | I8: =SUMIF('Road CO2'!$B:$B,'Road summary'!$A8,'Road CO2'!J:J) -> 0 | J8: =SUMIF('Road CO2'!$B:$B,'Road summary'!$A8,'Road CO2'!K:K) -> 0 | K8: =SUMIF('Road CO2'!$B:$B,'Road summary'!$A8,'Road CO2'!L:L) -> 0 | L8: =SUMIF('Road CO2'!$B:$B,'Road summary'!$A8,'Road CO2'!M:M) -> 0 | M8: =SUMIF('Road CO2'!$B:$B,'Road summary'!$A8,'Road CO2'!N:N) -> 0 | N8: =SUMIF('Road CO2'!$B:$B,'Road summary'!$A8,'Road CO2'!O:O) -> 0
A9: TRA_RD_OTHER | B9: =SUMIF('Road CO2'!$B:$B,'Road summary'!$A9,'Road CO2'!C:C) -> 267.86 | C9: =SUMIF('Road CO2'!$B:$B,'Road summary'!$A9,'Road CO2'!D:D) -> 287.91 | D9: =SUMIF('Road CO2'!$B:$B,'Road summary'!$A9,'Road CO2'!E:E) -> 333.81 | E9: =SUMIF('Road CO2'!$B:$B,'Road summary'!$A9,'Road CO2'!F:F) -> 384.37 | F9: =SUMIF('Road CO2'!$B:$B,'Road summary'!$A9,'Road CO2'!G:G) -> 461.2 | G9: =SUMIF('Road CO2'!$B:$B,'Road summary'!$A9,'Road CO2'!H:H) -> 596 | H9: =SUMIF('Road CO2'!$B:$B,'Road summary'!$A9,'Road CO2'!I:I) -> 666.64 | I9: =SUMIF('Road CO2'!$B:$B,'Road summary'!$A9,'Road CO2'!J:J) -> 717.09 | J9: =SUMIF('Road CO2'!$B:$B,'Road summary'!$A9,'Road CO2'!K:K) -> 762.48 | K9: =SUMIF('Road CO2'!$B:$B,'Road summary'!$A9,'Road CO2'!L:L) -> 798.83 | L9: =SUMIF('Road CO2'!$B:$B,'Road summary'!$A9,'Road CO2'!M:M) -> 843.52 | M9: =SUMIF('Road CO2'!$B:$B,'Road summary'!$A9,'Road CO2'!N:N) -> 875.62 | N9: =SUMIF('Road CO2'!$B:$B,'Road summary'!$A9,'Road CO2'!O:O) -> 907.2
A10: SUM | B10: =SUMIF('Road CO2'!$B:$B,'Road summary'!$A10,'Road CO2'!C:C) -> 3257.82 | C10: =SUMIF('Road CO2'!$B:$B,'Road summary'!$A10,'Road CO2'!D:D) -> 3652.56 | D10: =SUMIF('Road CO2'!$B:$B,'Road summary'!$A10,'Road CO2'!E:E) -> 4191.79 | E10: =SUMIF('Road CO2'!$B:$B,'Road summary'!$A10,'Road CO2'!F:F) -> 4727.69 | F10: =SUMIF('Road CO2'!$B:$B,'Road summary'!$A10,'Road CO2'!G:G) -> 5173.53 | G10: =SUMIF('Road CO2'!$B:$B,'Road summary'!$A10,'Road CO2'!H:H) -> 5730.45 | H10: =SUMIF('Road CO2'!$B:$B,'Road summary'!$A10,'Road CO2'!I:I) -> 6030.81 | I10: =SUMIF('Road CO2'!$B:$B,'Road summary'!$A10,'Road CO2'!J:J) -> 6356.96 | J10: =SUMIF('Road CO2'!$B:$B,'Road summary'!$A10,'Road CO2'!K:K) -> 6500.95 | K10: =SUMIF('Road CO2'!$B:$B,'Road summary'!$A10,'Road CO2'!L:L) -> 6558.57 | L10: =SUMIF('Road CO2'!$B:$B,'Road summary'!$A10,'Road CO2'!M:M) -> 6706.29 | M10: =SUMIF('Road CO2'!$B:$B,'Road summary'!$A10,'Road CO2'!N:N) -> 6824.11 | N10: =SUMIF('Road CO2'!$B:$B,'Road summary'!$A10,'Road CO2'!O:O) -> 6900.44
A11: ALL SUM | B11: ='Road CO2'!C236 -> 3257.79 | C11: ='Road CO2'!D236 -> 3652.57 | D11: ='Road CO2'!E236 -> 4191.79 | E11: ='Road CO2'!F236 -> 4727.7 | F11: ='Road CO2'!G236 -> 5173.53 | G11: ='Road CO2'!H236 -> 5730.45 | H11: ='Road CO2'!I236 -> 6030.81 | I11: ='Road CO2'!J236 -> 6356.94 | ... N11: ='Road CO2'!O236 -> 6900.43
A13: BC emissions from road transport (kt PM)
B14: 1990 | C14: 1995 | D14: 2000 | E14: 2005 | F14: 2010 | G14: 2015 | H14: 2020 | I14: 2025 | J14: 2030 | K14: 2035 | L14: 2040 | M14: 2045 | N14: 2050
A15: TRA_RD_P2W | B15: =SUMIF('Road BC'!$B:$B,'Road summary'!$A15,'Road BC'!C:C) -> 22.13 | C15: =SUMIF('Road BC'!$B:$B,'Road summary'!$A15,'Road BC'!D:D) -> 21.62 | D15: =SUMIF('Road BC'!$B:$B,'Road summary'!$A15,'Road BC'!E:E) -> 17.71 | E15: =SUMIF('Road BC'!$B:$B,'Road summary'!$A15,'Road BC'!F:F) -> 15.71 | F15: =SUMIF('Road BC'!$B:$B,'Road summary'!$A15,'Road BC'!G:G) -> 14.4 | G15: =SUMIF('Road BC'!$B:$B,'Road summary'!$A15,'Road BC'!H:H) -> 10.29 | H15: =SUMIF('Road BC'!$B:$B,'Road summary'!$A15,'Road BC'!I:I) -> 6.62 | I15: =SUMIF('Road BC'!$B:$B,'Road summary'!$A15,'Road BC'!J:J) -> 5.57 | J15: =SUMIF('Road BC'!$B:$B,'Road summary'!$A15,'Road BC'!K:K) -> 5.22 | K15: =SUMIF('Road BC'!$B:$B,'Road summary'!$A15,'Road BC'!L:L) -> 4.97 | L15: =SUMIF('Road BC'!$B:$B,'Road summary'!$A15,'Road BC'!M:M) -> 4.5 | M15: =SUMIF('Road BC'!$B:$B,'Road summary'!$A15,'Road BC'!N:N) -> 4.03 | N15: =SUMIF('Road BC'!$B:$B,'Road summary'!$A15,'Road BC'!O:O) -> 3.54
A16: TRA_RD_LDD | B16: =SUMIF('Road BC'!$B:$B,'Road summary'!$A16,'Road BC'!C:C) -> 152.84 | C16: =SUMIF('Road BC'!$B:$B,'Road summary'!$A16,'Road BC'!D:D) -> 209.52 | D16: =SUMIF('Road BC'!$B:$B,'Road summary'!$A16,'Road BC'!E:E) -> 222.9 | E16: =SUMIF('Road BC'!$B:$B,'Road summary'!$A16,'Road BC'!F:F) -> 263.64 | F16: =SUMIF('Road BC'!$B:$B,'Road summary'!$A16,'Road BC'!G:G) -> 214.73 | G16: =SUMIF('Road BC'!$B:$B,'Road summary'!$A16,'Road BC'!H:H) -> 182.28 | H16: =SUMIF('Road BC'!$B:$B,'Road summary'!$A16,'Road BC'!I:I) -> 128.59 | I16: =SUMIF('Road BC'!$B:$B,'Road summary'!$A16,'Road BC'!J:J) -> 107.68 | J16: =SUMIF('Road BC'!$B:$B,'Road summary'!$A16,'Road BC'!K:K) -> 89.67 | K16: =SUMIF('Road BC'!$B:$B,'Road summary'!$A16,'Road BC'!L:L) -> 76.66 | L16: =SUMIF('Road BC'!$B:$B,'Road summary'!$A16,'Road BC'!M:M) -> 76.55 | M16: =SUMIF('Road BC'!$B:$B,'Road summary'!$A16,'Road BC'!N:N) -> 76.57 | N16: =SUMIF('Road BC'!$B:$B,'Road summary'!$A16,'Road BC'!O:O) -> 78.99
A17: TRA_RD_LDG | B17: =SUMIF('Road BC'!$B:$B,'Road summary'!$A17,'Road BC'!C:C) -> 25.95 | C17: =SUMIF('Road BC'!$B:$B,'Road summary'!$A17,'Road BC'!D:D) -> 28.63 | D17: =SUMIF('Road BC'!$B:$B,'Road summary'!$A17,'Road BC'!E:E) -> 31.1 | E17: =SUMIF('Road BC'!$B:$B,'Road summary'!$A17,'Road BC'!F:F) -> 30.66 | F17: =SUMIF('Road BC'!$B:$B,'Road summary'!$A17,'Road BC'!G:G) -> 28.21 | G17: =SUMIF('Road BC'!$B:$B,'Road summary'!$A17,'Road BC'!H:H) -> 28.85 | H17: =SUMIF('Road BC'!$B:$B,'Road summary'!$A17,'Road BC'!I:I) -> 27.31 | I17: =SUMIF('Road BC'!$B:$B,'Road summary'!$A17,'Road BC'!J:J) -> 26 | J17: =SUMIF('Road BC'!$B:$B,'Road summary'!$A17,'Road BC'!K:K) -> 24.58 | K17: =SUMIF('Road BC'!$B:$B,'Road summary'!$A17,'Road BC'!L:L) -> 23.44 | L17: =SUMIF('Road BC'!$B:$B,'Road summary'!$A17,'Road BC'!M:M) -> 23.58 | M17: =SUMIF('Road BC'!$B:$B,'Road summary'!$A17,'Road BC'!N:N) -> 23.85 | N17: =SUMIF('Road BC'!$B:$B,'Road summary'!$A17,'Road BC'!O:O) -> 23.9
A18: TRA_RD_HD | B18: =SUMIF('Road BC'!$B:$B,'Road summary'!$A18,'Road BC'!C:C) -> 353.35 | C18: =SUMIF('Road BC'!$B:$B,'Road summary'!$A18,'Road BC'!D:D) -> 404.42 | D18: =SUMIF('Road BC'!$B:$B,'Road summary'!$A18,'Road BC'!E:E) -> 470.7 | E18: =SUMIF('Road BC'!$B:$B,'Road summary'!$A18,'Road BC'!F:F) -> 503.49 | F18: =SUMIF('Road BC'!$B:$B,'Road summary'!$A18,'Road BC'!G:G) -> 554.19 | G18: =SUMIF('Road BC'!$B:$B,'Road summary'!$A18,'Road BC'!H:H) -> 543.99 | H18: =SUMIF('Road BC'!$B:$B,'Road summary'!$A18,'Road BC'!I:I) -> 494.33 | I18: =SUMIF('Road BC'!$B:$B,'Road summary'!$A18,'Road BC'!J:J) -> 431.97 | J18: =SUMIF('Road BC'!$B:$B,'Road summary'!$A18,'Road BC'!K:K) -> 396.23 | K18: =SUMIF('Road BC'!$B:$B,'Road summary'!$A18,'Road BC'!L:L) -> 383.66 | L18: =SUMIF('Road BC'!$B:$B,'Road summary'!$A18,'Road BC'!M:M) -> 391.02 | M18: =SUMIF('Road BC'!$B:$B,'Road summary'!$A18,'Road BC'!N:N) -> 399.58 | N18: =SUMIF('Road BC'!$B:$B,'Road summary'!$A18,'Road BC'!O:O) -> 419.22
A19: TRA_RD_WEAR | B19: =SUMIF('Road BC'!$B:$B,'Road summary'!$A19,'Road BC'!C:C) -> 20.04 | C19: =SUMIF('Road BC'!$B:$B,'Road summary'!$A19,'Road BC'!D:D) -> 23.01 | D19: =SUMIF('Road BC'!$B:$B,'Road summary'!$A19,'Road BC'!E:E) -> 27.15 | E19: =SUMIF('Road BC'!$B:$B,'Road summary'!$A19,'Road BC'!F:F) -> 31.18 | F19: =SUMIF('Road BC'!$B:$B,'Road summary'!$A19,'Road BC'!G:G) -> 37.89 | G19: =SUMIF('Road BC'!$B:$B,'Road summary'!$A19,'Road BC'!H:H) -> 42.41 | H19: =SUMIF('Road BC'!$B:$B,'Road summary'!$A19,'Road BC'!I:I) -> 45.17 | I19: =SUMIF('Road BC'!$B:$B,'Road summary'!$A19,'Road BC'!J:J) -> 52.28 | J19: =SUMIF('Road BC'!$B:$B,'Road summary'!$A19,'Road BC'!K:K) -> 58.73 | K19: =SUMIF('Road BC'!$B:$B,'Road summary'!$A19,'Road BC'!L:L) -> 64.91 | L19: =SUMIF('Road BC'!$B:$B,'Road summary'!$A19,'Road BC'!M:M) -> 70.24 | M19: =SUMIF('Road BC'!$B:$B,'Road summary'!$A19,'Road BC'!N:N) -> 73.88 | N19: =SUMIF('Road BC'!$B:$B,'Road summary'!$A19,'Road BC'!O:O) -> 77.12
A20: TRA_RD_OTHER | B20: =SUMIF('Road BC'!$B:$B,'Road summary'!$A20,'Road BC'!C:C) -> 100.88 | C20: =SUMIF('Road BC'!$B:$B,'Road summary'!$A20,'Road BC'!D:D) -> 117.65 | D20: =SUMIF('Road BC'!$B:$B,'Road summary'!$A20,'Road BC'!E:E) -> 126.91 | E20: =SUMIF('Road BC'!$B:$B,'Road summary'!$A20,'Road BC'!F:F) -> 137.51 | F20: =SUMIF('Road BC'!$B:$B,'Road summary'!$A20,'Road BC'!G:G) -> 139.56 | G20: =SUMIF('Road BC'!$B:$B,'Road summary'!$A20,'Road BC'!H:H) -> 151.53 | H20: =SUMIF('Road BC'!$B:$B,'Road summary'!$A20,'Road BC'!I:I) -> 99.45 | I20: =SUMIF('Road BC'!$B:$B,'Road summary'!$A20,'Road BC'!J:J) -> 93.8 | J20: =SUMIF('Road BC'!$B:$B,'Road summary'!$A20,'Road BC'!K:K) -> 90.02 | K20: =SUMIF('Road BC'!$B:$B,'Road summary'!$A20,'Road BC'!L:L) -> 85.36 | L20: =SUMIF('Road BC'!$B:$B,'Road summary'!$A20,'Road BC'!M:M) -> 86.28 | M20: =SUMIF('Road BC'!$B:$B,'Road summary'!$A20,'Road BC'!N:N) -> 88.94 | N20: =SUMIF('Road BC'!$B:$B,'Road summary'!$A20,'Road BC'!O:O) -> 92.58
A21: SUM | B21: =SUMIF('Road BC'!$B:$B,'Road summary'!$A21,'Road BC'!C:C) -> 675.21 | C21: =SUMIF('Road BC'!$B:$B,'Road summary'!$A21,'Road BC'!D:D) -> 804.81 | D21: =SUMIF('Road BC'!$B:$B,'Road summary'!$A21,'Road BC'!E:E) -> 896.47 | E21: =SUMIF('Road BC'!$B:$B,'Road summary'!$A21,'Road BC'!F:F) -> 982.18 | F21: =SUMIF('Road BC'!$B:$B,'Road summary'!$A21,'Road BC'!G:G) -> 988.98 | G21: =SUMIF('Road BC'!$B:$B,'Road summary'!$A21,'Road BC'!H:H) -> 959.34 | H21: =SUMIF('Road BC'!$B:$B,'Road summary'!$A21,'Road BC'!I:I) -> 801.42 | I21: =SUMIF('Road BC'!$B:$B,'Road summary'!$A21,'Road BC'!J:J) -> 717.27 | J21: =SUMIF('Road BC'!$B:$B,'Road summary'!$A21,'Road BC'!K:K) -> 664.48 | K21: =SUMIF('Road BC'!$B:$B,'Road summary'!$A21,'Road BC'!L:L) -> 639.04 | L21: =SUMIF('Road BC'!$B:$B,'Road summary'!$A21,'Road BC'!M:M) -> 652.23 | M21: =SUMIF('Road BC'!$B:$B,'Road summary'!$A21,'Road BC'!N:N) -> 666.85 | N21: =SUMIF('Road BC'!$B:$B,'Road summary'!$A21,'Road BC'!O:O) -> 695.39
A22: ALL SUM | B22: ='Road BC'!C236 -> 675.21 | C22: ='Road BC'!D236 -> 804.8 | D22: ='Road BC'!E236 -> 896.48 | E22: ='Road BC'!F236 -> 982.18 | F22: ='Road BC'!G236 -> 988.98 | G22: ='Road BC'!H236 -> 959.33 | H22: ='Road BC'!I236 -> 801.43 | I22: ='Road BC'!J236 -> 717.25 | ... N22: ='Road BC'!O236 -> 695.39
A24: CH4 emissions from road transport (kt CH4)
B25: 1990 | C25: 1995 | D25: 2000 | E25: 2005 | F25: 2010 | G25: 2015 | H25: 2020 | I25: 2025 | J25: 2030 | K25: 2035 | L25: 2040 | M25: 2045 | N25: 2050
A26: TRA_RD_P2W | B26: =SUMIF('Road CH4'!$B:$B,'Road summary'!$A26,'Road CH4'!C:C) -> 250.9 | C26: =SUMIF('Road CH4'!$B:$B,'Road summary'!$A26,'Road CH4'!D:D) -> 287.58 | D26: =SUMIF('Road CH4'!$B:$B,'Road summary'!$A26,'Road CH4'!E:E) -> 291.82 | E26: =SUMIF('Road CH4'!$B:$B,'Road summary'!$A26,'Road CH4'!F:F) -> 332.76 | F26: =SUMIF('Road CH4'!$B:$B,'Road summary'!$A26,'Road CH4'!G:G) -> 365.14 | G26: =SUMIF('Road CH4'!$B:$B,'Road summary'!$A26,'Road CH4'!H:H) -> 368.96 | H26: =SUMIF('Road CH4'!$B:$B,'Road summary'!$A26,'Road CH4'!I:I) -> 252.63 | I26: =SUMIF('Road CH4'!$B:$B,'Road summary'!$A26,'Road CH4'!J:J) -> 207.94 | J26: =SUMIF('Road CH4'!$B:$B,'Road summary'!$A26,'Road CH4'!K:K) -> 169.65 | K26: =SUMIF('Road CH4'!$B:$B,'Road summary'!$A26,'Road CH4'!L:L) -> 159.43 | L26: =SUMIF('Road CH4'!$B:$B,'Road summary'!$A26,'Road CH4'!M:M) -> 145.87 | M26: =SUMIF('Road CH4'!$B:$B,'Road summary'!$A26,'Road CH4'!N:N) -> 129.84 | N26: =SUMIF('Road CH4'!$B:$B,'Road summary'!$A26,'Road CH4'!O:O) -> 114.6
A27: TRA_RD_LDD | B27: =SUMIF('Road CH4'!$B:$B,'Road summary'!$A27,'Road CH4'!C:C) -> 23.39 | C27: =SUMIF('Road CH4'!$B:$B,'Road summary'!$A27,'Road CH4'!D:D) -> 31.99 | D27: =SUMIF('Road CH4'!$B:$B,'Road summary'!$A27,'Road CH4'!E:E) -> 31.2 | E27: =SUMIF('Road CH4'!$B:$B,'Road summary'!$A27,'Road CH4'!F:F) -> 29.25 | F27: =SUMIF('Road CH4'!$B:$B,'Road summary'!$A27,'Road CH4'!G:G) -> 19.98 | G27: =SUMIF('Road CH4'!$B:$B,'Road summary'!$A27,'Road CH4'!H:H) -> 20.44 | H27: =SUMIF('Road CH4'!$B:$B,'Road summary'!$A27,'Road CH4'!I:I) -> 20.86 | I27: =SUMIF('Road CH4'!$B:$B,'Road summary'!$A27,'Road CH4'!J:J) -> 19.18 | J27: =SUMIF('Road CH4'!$B:$B,'Road summary'!$A27,'Road CH4'!K:K) -> 15.13 | K27: =SUMIF('Road CH4'!$B:$B,'Road summary'!$A27,'Road CH4'!L:L) -> 11.12 | L27: =SUMIF('Road CH4'!$B:$B,'Road summary'!$A27,'Road CH4'!M:M) -> 9.96 | M27: =SUMIF('Road CH4'!$B:$B,'Road summary'!$A27,'Road CH4'!N:N) -> 8.76 | N27: =SUMIF('Road CH4'!$B:$B,'Road summary'!$A27,'Road CH4'!O:O) -> 8.39
A28: TRA_RD_LDG | B28: =SUMIF('Road CH4'!$B:$B,'Road summary'!$A28,'Road CH4'!C:C) -> 1306.51 | C28: =SUMIF('Road CH4'!$B:$B,'Road summary'!$A28,'Road CH4'!D:D) -> 1357.63 | D28: =SUMIF('Road CH4'!$B:$B,'Road summary'!$A28,'Road CH4'!E:E) -> 1062.68 | E28: =SUMIF('Road CH4'!$B:$B,'Road summary'!$A28,'Road CH4'!F:F) -> 888.97 | F28: =SUMIF('Road CH4'!$B:$B,'Road summary'!$A28,'Road CH4'!G:G) -> 791.79 | G28: =SUMIF('Road CH4'!$B:$B,'Road summary'!$A28,'Road CH4'!H:H) -> 763.37 | H28: =SUMIF('Road CH4'!$B:$B,'Road summary'!$A28,'Road CH4'!I:I) -> 671.89 | I28: =SUMIF('Road CH4'!$B:$B,'Road summary'!$A28,'Road CH4'!J:J) -> 603.12 | J28: =SUMIF('Road CH4'!$B:$B,'Road summary'!$A28,'Road CH4'!K:K) -> 534.82 | K28: =SUMIF('Road CH4'!$B:$B,'Road summary'!$A28,'Road CH4'!L:L) -> 510.71 | L28: =SUMIF('Road CH4'!$B:$B,'Road summary'!$A28,'Road CH4'!M:M) -> 515.81 | M28: =SUMIF('Road CH4'!$B:$B,'Road summary'!$A28,'Road CH4'!N:N) -> 522.83 | N28: =SUMIF('Road CH4'!$B:$B,'Road summary'!$A28,'Road CH4'!O:O) -> 524.04
A29: TRA_RD_HD | B29: =SUMIF('Road CH4'!$B:$B,'Road summary'!$A29,'Road CH4'!C:C) -> 151.25 | C29: =SUMIF('Road CH4'!$B:$B,'Road summary'!$A29,'Road CH4'!D:D) -> 172.84 | D29: =SUMIF('Road CH4'!$B:$B,'Road summary'!$A29,'Road CH4'!E:E) -> 209.54 | E29: =SUMIF('Road CH4'!$B:$B,'Road summary'!$A29,'Road CH4'!F:F) -> 242.14 | F29: =SUMIF('Road CH4'!$B:$B,'Road summary'!$A29,'Road CH4'!G:G) -> 299.32 | G29: =SUMIF('Road CH4'!$B:$B,'Road summary'!$A29,'Road CH4'!H:H) -> 338.9 | H29: =SUMIF('Road CH4'!$B:$B,'Road summary'!$A29,'Road CH4'!I:I) -> 370.74 | I29: =SUMIF('Road CH4'!$B:$B,'Road summary'!$A29,'Road CH4'!J:J) -> 409.09 | J29: =SUMIF('Road CH4'!$B:$B,'Road summary'!$A29,'Road CH4'!K:K) -> 439.79 | K29: =SUMIF('Road CH4'!$B:$B,'Road summary'!$A29,'Road CH4'!L:L) -> 478.14 | L29: =SUMIF('Road CH4'!$B:$B,'Road summary'!$A29,'Road CH4'!M:M) -> 521.44 | M29: =SUMIF('Road CH4'!$B:$B,'Road summary'!$A29,'Road CH4'!N:N) -> 556.01 | N29: =SUMIF('Road CH4'!$B:$B,'Road summary'!$A29,'Road CH4'!O:O) -> 584.89
A30: TRA_RD_WEAR | B30: =SUMIF('Road CH4'!$B:$B,'Road summary'!$A30,'Road CH4'!C:C) -> 0 | C30: =SUMIF('Road CH4'!$B:$B,'Road summary'!$A30,'Road CH4'!D:D) -> 0 | D30: =SUMIF('Road CH4'!$B:$B,'Road summary'!$A30,'Road CH4'!E:E) -> 0 | E30: =SUMIF('Road CH4'!$B:$B,'Road summary'!$A30,'Road CH4'!F:F) -> 0 | F30: =SUMIF('Road CH4'!$B:$B,'Road summary'!$A30,'Road CH4'!G:G) -> 0 | G30: =SUMIF('Road CH4'!$B:$B,'Road summary'!$A30,'Road CH4'!H:H) -> 0 | H30: =SUMIF('Road CH4'!$B:$B,'Road summary'!$A30,'Road CH4'!I:I) -> 0 | I30: =SUMIF('Road CH4'!$B:$B,'Road summary'!$A30,'Road CH4'!J:J) -> 0 | J30: =SUMIF('Road CH4'!$B:$B,'Road summary'!$A30,'Road CH4'!K:K) -> 0 | K30: =SUMIF('Road CH4'!$B:$B,'Road summary'!$A30,'Road CH4'!L:L) -> 0 | L30: =SUMIF('Road CH4'!$B:$B,'Road summary'!$A30,'Road CH4'!M:M) -> 0 | M30: =SUMIF('Road CH4'!$B:$B,'Road summary'!$A30,'Road CH4'!N:N) -> 0 | N30: =SUMIF('Road CH4'!$B:$B,'Road summary'!$A30,'Road CH4'!O:O) -> 0
A31: TRA_RD_OTHER | B31: =SUMIF('Road CH4'!$B:$B,'Road summary'!$A31,'Road CH4'!C:C) -> 140.98 | C31: =SUMIF('Road CH4'!$B:$B,'Road summary'!$A31,'Road CH4'!D:D) -> 140.05 | D31: =SUMIF('Road CH4'!$B:$B,'Road summary'!$A31,'Road CH4'!E:E) -> 174.19 | E31: =SUMIF('Road CH4'!$B:$B,'Road summary'!$A31,'Road CH4'!F:F) -> 233.78 | F31: =SUMIF('Road CH4'!$B:$B,'Road summary'!$A31,'Road CH4'!G:G) -> 421.73 | G31: =SUMIF('Road CH4'!$B:$B,'Road summary'!$A31,'Road CH4'!H:H) -> 512.77 | H31: =SUMIF('Road CH4'!$B:$B,'Road summary'!$A31,'Road CH4'!I:I) -> 580.6 | I31: =SUMIF('Road CH4'!$B:$B,'Road summary'!$A31,'Road CH4'!J:J) -> 683.98 | J31: =SUMIF('Road CH4'!$B:$B,'Road summary'!$A31,'Road CH4'!K:K) -> 756.56 | K31: =SUMIF('Road CH4'!$B:$B,'Road summary'!$A31,'Road CH4'!L:L) -> 857.61 | L31: =SUMIF('Road CH4'!$B:$B,'Road summary'!$A31,'Road CH4'!M:M) -> 974.64 | M31: =SUMIF('Road CH4'!$B:$B,'Road summary'!$A31,'Road CH4'!N:N) -> 1043.63 | N31: =SUMIF('Road CH4'!$B:$B,'Road summary'!$A31,'Road CH4'!O:O) -> 1108.81
A32: SUM | B32: =SUMIF('Road CH4'!$B:$B,'Road summary'!$A32,'Road CH4'!C:C) -> 1873.04 | C32: =SUMIF('Road CH4'!$B:$B,'Road summary'!$A32,'Road CH4'!D:D) -> 1990.07 | D32: =SUMIF('Road CH4'!$B:$B,'Road summary'!$A32,'Road CH4'!E:E) -> 1769.45 | E32: =SUMIF('Road CH4'!$B:$B,'Road summary'!$A32,'Road CH4'!F:F) -> 1726.91 | F32: =SUMIF('Road CH4'!$B:$B,'Road summary'!$A32,'Road CH4'!G:G) -> 1898.01 | G32: =SUMIF('Road CH4'!$B:$B,'Road summary'!$A32,'Road CH4'!H:H) -> 2004.47 | H32: =SUMIF('Road CH4'!$B:$B,'Road summary'!$A32,'Road CH4'!I:I) -> 1896.72 | I32: =SUMIF('Road CH4'!$B:$B,'Road summary'!$A32,'Road CH4'!J:J) -> 1923.39 | J32: =SUMIF('Road CH4'!$B:$B,'Road summary'!$A32,'Road CH4'!K:K) -> 1916.02 | K32: =SUMIF('Road CH4'!$B:$B,'Road summary'!$A32,'Road CH4'!L:L) -> 2017.01 | L32: =SUMIF('Road CH4'!$B:$B,'Road summary'!$A32,'Road CH4'!M:M) -> 2167.71 | M32: =SUMIF('Road CH4'!$B:$B,'Road summary'!$A32,'Road CH4'!N:N) -> 2261.03 | N32: =SUMIF('Road CH4'!$B:$B,'Road summary'!$A32,'Road CH4'!O:O) -> 2340.76
A33: ALL SUM | B33: ='Road CH4'!C236 -> 1873.06 | C33: ='Road CH4'!D236 -> 1990.06 | D33: ='Road CH4'!E236 -> 1769.45 | E33: ='Road CH4'!F236 -> 1726.91 | F33: ='Road CH4'!G236 -> 1898 | G33: ='Road CH4'!H236 -> 2004.48 | H33: ='Road CH4'!I236 -> 1896.71 | I33: ='Road CH4'!J236 -> 1923.38 | ... N33: ='Road CH4'!O236 -> 2340.78
A35: CO2-equivalent emissions from road transport (Mt CO2e using GWP-20)
B36: 1990 | C36: 1995 | D36: 2000 | E36: 2005 | F36: 2010 | G36: 2015 | H36: 2020 | I36: 2025 | J36: 2030 | K36: 2035 | L36: 2040 | M36: 2045 | N36: 2050
A37: TRA_RD_P2W | B37: =B4+B15*'Non-road summary'!$B$11*0.001+'Road summary'!B26*'Non-road summary'!$B$12*0.001 -> 153.70945 | C37: =C4+C15*'Non-road summary'!$B$11*0.001+'Road summary'!C26*'Non-road summary'!$B$12*0.001 -> 167.10214 | D37: =D4+D15*'Non-road summary'!$B$11*0.001+'Road summary'!D26*'Non-road summary'!$B$12*0.001 -> 167.12138 | E37: =E4+E15*'Non-road summary'!$B$11*0.001+'Road summary'!E26*'Non-road summary'!$B$12*0.001 -> 198.65404 | F37: =F4+F15*'Non-road summary'!$B$11*0.001+'Road summary'!F26*'Non-road summary'!$B$12*0.001 -> 246.31909 | G37: =G4+G15*'Non-road summary'!$B$11*0.001+'Road summary'!G26*'Non-road summary'!$B$12*0.001 -> 290.28886 | H37: =H4+H15*'Non-road summary'!$B$11*0.001+'Road summary'!H26*'Non-road summary'!$B$12*0.001 -> 250.33334 | I37: =I4+I15*'Non-road summary'!$B$11*0.001+'Road summary'!I26*'Non-road summary'!$B$12*0.001 -> 242.47169 | ... N37: =N4+N15*'Non-road summary'!$B$11*0.001+'Road summary'!N26*'Non-road summary'!$B$12*0.001 -> 149.69563
A38: TRA_RD_LDD | B38: =B5+B16*'Non-road summary'!$B$11*0.001+'Road summary'!B27*'Non-road summary'!$B$12*0.001 -> 598.28334 | C38: =C5+C16*'Non-road summary'!$B$11*0.001+'Road summary'!C27*'Non-road summary'!$B$12*0.001 -> 824.55283 | D38: =D5+D16*'Non-road summary'!$B$11*0.001+'Road summary'!D27*'Non-road summary'!$B$12*0.001 -> 970.34087 | E38: =E5+E16*'Non-road summary'!$B$11*0.001+'Road summary'!E27*'Non-road summary'!$B$12*0.001 -> 1219.9529 | F38: =F5+F16*'Non-road summary'!$B$11*0.001+'Road summary'!F27*'Non-road summary'!$B$12*0.001 -> 1137.4391 | G38: =G5+G16*'Non-road summary'!$B$11*0.001+'Road summary'!G27*'Non-road summary'!$B$12*0.001 -> 1129.643 | H38: =H5+H16*'Non-road summary'!$B$11*0.001+'Road summary'!H27*'Non-road summary'!$B$12*0.001 -> 942.7194 | I38: =I5+I16*'Non-road summary'!$B$11*0.001+'Road summary'!I27*'Non-road summary'!$B$12*0.001 -> 902.34325 | ... N38: =N5+N16*'Non-road summary'!$B$11*0.001+'Road summary'!N27*'Non-road summary'!$B$12*0.001 -> 589.67661
A39: TRA_RD_LDG | B39: =B6+B17*'Non-road summary'!$B$11*0.001+'Road summary'!B28*'Non-road summary'!$B$12*0.001 -> 2116.9537 | C39: =C6+C17*'Non-road summary'!$B$11*0.001+'Road summary'!C28*'Non-road summary'!$B$12*0.001 -> 2308.9513 | D39: =D6+D17*'Non-road summary'!$B$11*0.001+'Road summary'!D28*'Non-road summary'!$B$12*0.001 -> 2475.9151 | E39: =E6+E17*'Non-road summary'!$B$11*0.001+'Road summary'!E28*'Non-road summary'!$B$12*0.001 -> 2586.3855 | F39: =F6+F17*'Non-road summary'!$B$11*0.001+'Road summary'!F28*'Non-road summary'!$B$12*0.001 -> 2628.3804 | G39: =G6+G17*'Non-road summary'!$B$11*0.001+'Road summary'!G28*'Non-road summary'!$B$12*0.001 -> 2779.0755 | H39: =H6+H17*'Non-road summary'!$B$11*0.001+'Road summary'!H28*'Non-road summary'!$B$12*0.001 -> 2843.8218 | I39: =I6+I17*'Non-road summary'!$B$11*0.001+'Road summary'!I28*'Non-road summary'!$B$12*0.001 -> 2935.1504 | ... N39: =N6+N17*'Non-road summary'!$B$11*0.001+'Road summary'!N28*'Non-road summary'!$B$12*0.001 -> 2913.4712
A40: TRA_RD_HD | B40: =B7+B18*'Non-road summary'!$B$11*0.001+'Road summary'!B29*'Non-road summary'!$B$12*0.001 -> 1608.2056 | C40: =C7+C18*'Non-road summary'!$B$11*0.001+'Road summary'!C29*'Non-road summary'!$B$12*0.001 -> 1827.3525 | D40: =D7+D18*'Non-road summary'!$B$11*0.001+'Road summary'!D29*'Non-road summary'!$B$12*0.001 -> 2175.9222 | E40: =E7+E18*'Non-road summary'!$B$11*0.001+'Road summary'!E29*'Non-road summary'!$B$12*0.001 -> 2433.1752 | F40: =F7+F18*'Non-road summary'!$B$11*0.001+'Road summary'!F29*'Non-road summary'!$B$12*0.001 -> 2788.8624 | G40: =G7+G18*'Non-road summary'!$B$11*0.001+'Road summary'!G29*'Non-road summary'!$B$12*0.001 -> 2913.7179 | H40: =H7+H18*'Non-road summary'!$B$11*0.001+'Road summary'!H29*'Non-road summary'!$B$12*0.001 -> 3028.0374 | I40: =I7+I18*'Non-road summary'!$B$11*0.001+'Road summary'!I29*'Non-road summary'!$B$12*0.001 -> 3046.8752 | ... N40: =N7+N18*'Non-road summary'!$B$11*0.001+'Road summary'!N29*'Non-road summary'!$B$12*0.001 -> 3716.3358
A41: TRA_RD_WEAR | B41: =B8+B19*'Non-road summary'!$B$11*0.001+'Road summary'!B30*'Non-road summary'!$B$12*0.001 -> 48.518844 | C41: =C8+C19*'Non-road summary'!$B$11*0.001+'Road summary'!C30*'Non-road summary'!$B$12*0.001 -> 55.709511 | D41: =D8+D19*'Non-road summary'!$B$11*0.001+'Road summary'!D30*'Non-road summary'!$B$12*0.001 -> 65.732865 | E41: =E8+E19*'Non-road summary'!$B$11*0.001+'Road summary'!E30*'Non-road summary'!$B$12*0.001 -> 75.489898 | F41: =F8+F19*'Non-road summary'!$B$11*0.001+'Road summary'!F30*'Non-road summary'!$B$12*0.001 -> 91.735479 | G41: =G8+G19*'Non-road summary'!$B$11*0.001+'Road summary'!G30*'Non-road summary'!$B$12*0.001 -> 102.67885 | H41: =H8+H19*'Non-road summary'!$B$11*0.001+'Road summary'!H30*'Non-road summary'!$B$12*0.001 -> 109.36109 | I41: =I8+I19*'Non-road summary'!$B$11*0.001+'Road summary'!I30*'Non-road summary'!$B$12*0.001 -> 126.57511 | ... N41: =N8+N19*'Non-road summary'!$B$11*0.001+'Road summary'!N30*'Non-road summary'!$B$12*0.001 -> 186.71523
A42: TRA_RD_OTHER | B42: =B9+B20*'Non-road summary'!$B$11*0.001+'Road summary'!B31*'Non-road summary'!$B$12*0.001 -> 523.92879 | C42: =C9+C20*'Non-road summary'!$B$11*0.001+'Road summary'!C31*'Non-road summary'!$B$12*0.001 -> 584.50261 | D42: =D9+D20*'Non-road summary'!$B$11*0.001+'Road summary'!D31*'Non-road summary'!$B$12*0.001 -> 655.68634 | E42: =E9+E20*'Non-road summary'!$B$11*0.001+'Road summary'!E31*'Non-road summary'!$B$12*0.001 -> 736.9096 | F42: =F9+F20*'Non-road summary'!$B$11*0.001+'Road summary'!F31*'Non-road summary'!$B$12*0.001 -> 834.47186 | G42: =G9+G20*'Non-road summary'!$B$11*0.001+'Road summary'!G31*'Non-road summary'!$B$12*0.001 -> 1005.8907 | H42: =H9+H20*'Non-road summary'!$B$11*0.001+'Road summary'!H31*'Non-road summary'!$B$12*0.001 -> 956.13073 | I42: =I9+I20*'Non-road summary'!$B$11*0.001+'Road summary'!I31*'Non-road summary'!$B$12*0.001 -> 1001.5751 | ... N42: =N9+N20*'Non-road summary'!$B$11*0.001+'Road summary'!N31*'Non-road summary'!$B$12*0.001 -> 1224.3746
A43: SUM | B43: =SUM(B37:B42) -> 5049.5997 | C43: =SUM(C37:C42) -> 5768.1709 | D43: =SUM(D37:D42) -> 6510.7187 | E43: =SUM(E37:E42) -> 7250.5671 | F43: =SUM(F37:F42) -> 7727.2083 | G43: =SUM(G37:G42) -> 8221.2948 | H43: =SUM(H37:H42) -> 8130.4038 | I43: =SUM(I37:I42) -> 8254.9907 | ... N43: =SUM(N37:N42) -> 8780.2691
A45: CO2-equivalent emissions from road transport (Mt CO2e using GWP-100)
B46: 1990 | C46: 1995 | D46: 2000 | E46: 2005 | F46: 2010 | G46: 2015 | H46: 2020 | I46: 2025 | J46: 2030 | K46: 2035 | L46: 2040 | M46: 2045 | N46: 2050
A47: TRA_RD_P2W | B47: =B4+B15*'Non-road summary'!$C$11*0.001+'Road summary'!B26*'Non-road summary'!$C$12*0.001 -> 100.80547 | C47: =C4+C15*'Non-road summary'!$C$11*0.001+'Road summary'!C26*'Non-road summary'!$C$12*0.001 -> 113.06496 | D47: =D4+D15*'Non-road summary'!$C$11*0.001+'Road summary'!D26*'Non-road summary'!$C$12*0.001 -> 119.74068 | E47: =E4+E15*'Non-road summary'!$C$11*0.001+'Road summary'!E26*'Non-road summary'!$C$12*0.001 -> 152.53027 | F47: =F4+F15*'Non-road summary'!$C$11*0.001+'Road summary'!F26*'Non-road summary'!$C$12*0.001 -> 200.71033 | G47: =G4+G15*'Non-road summary'!$C$11*0.001+'Road summary'!G26*'Non-road summary'!$C$12*0.001 -> 251.71235 | H47: =H4+H15*'Non-road summary'!$C$11*0.001+'Road summary'!H26*'Non-road summary'!$C$12*0.001 -> 224.66989 | I47: =I4+I15*'Non-road summary'!$C$11*0.001+'Road summary'!I26*'Non-road summary'!$C$12*0.001 -> 221.13469 | ... N47: =N4+N15*'Non-road summary'!$C$11*0.001+'Road summary'!N26*'Non-road summary'!$C$12*0.001 -> 137.10754
A48: TRA_RD_LDD | B48: =B5+B16*'Non-road summary'!$C$11*0.001+'Road summary'!B27*'Non-road summary'!$C$12*0.001 -> 327.60704 | C48: =C5+C16*'Non-road summary'!$C$11*0.001+'Road summary'!C27*'Non-road summary'!$C$12*0.001 -> 453.50159 | D48: =D5+D16*'Non-road summary'!$C$11*0.001+'Road summary'!D27*'Non-road summary'!$C$12*0.001 -> 575.75114 | E48: =E5+E16*'Non-road summary'!$C$11*0.001+'Road summary'!E27*'Non-road summary'!$C$12*0.001 -> 753.66693 | F48: =F5+F16*'Non-road summary'!$C$11*0.001+'Road summary'!F27*'Non-road summary'!$C$12*0.001 -> 757.87061 | G48: =G5+G16*'Non-road summary'!$C$11*0.001+'Road summary'!G27*'Non-road summary'!$C$12*0.001 -> 807.24215 | H48: =H5+H16*'Non-road summary'!$C$11*0.001+'Road summary'!H27*'Non-road summary'!$C$12*0.001 -> 714.92388 | I48: =I5+I16*'Non-road summary'!$C$11*0.001+'Road summary'!I27*'Non-road summary'!$C$12*0.001 -> 711.49468 | ... N48: =N5+N16*'Non-road summary'!$C$11*0.001+'Road summary'!N27*'Non-road summary'!$C$12*0.001 -> 449.99193
A49: TRA_RD_LDG | B49: =B6+B17*'Non-road summary'!$C$11*0.001+'Road summary'!B28*'Non-road summary'!$C$12*0.001 -> 1998.8362 | C49: =C6+C17*'Non-road summary'!$C$11*0.001+'Road summary'!C28*'Non-road summary'!$C$12*0.001 -> 2183.2782 | D49: =D6+D17*'Non-road summary'!$C$11*0.001+'Road summary'!D28*'Non-road summary'!$C$12*0.001 -> 2362.2288 | E49: =E6+E17*'Non-road summary'!$C$11*0.001+'Road summary'!E28*'Non-road summary'!$C$12*0.001 -> 2483.0983 | F49: =F6+F17*'Non-road summary'!$C$11*0.001+'Road summary'!F28*'Non-road summary'!$C$12*0.001 -> 2534.7951 | G49: =G6+G17*'Non-road summary'!$C$11*0.001+'Road summary'!G28*'Non-road summary'!$C$12*0.001 -> 2685.9367 | H49: =H6+H17*'Non-road summary'!$C$11*0.001+'Road summary'!H28*'Non-road summary'!$C$12*0.001 -> 2758.4652 | I49: =I6+I17*'Non-road summary'!$C$11*0.001+'Road summary'!I28*'Non-road summary'!$C$12*0.001 -> 2855.9125 | ... N49: =N6+N17*'Non-road summary'!$C$11*0.001+'Road summary'!N28*'Non-road summary'!$C$12*0.001 -> 2842.3157
A50: TRA_RD_HD | B50: =B7+B18*'Non-road summary'!$C$11*0.001+'Road summary'!B29*'Non-road summary'!$C$12*0.001 -> 977.04693 | C50: =C7+C18*'Non-road summary'!$C$11*0.001+'Road summary'!C29*'Non-road summary'!$C$12*0.001 -> 1104.987 | D50: =D7+D18*'Non-road summary'!$C$11*0.001+'Road summary'!D29*'Non-road summary'!$C$12*0.001 -> 1334.7049 | E50: =E7+E18*'Non-road summary'!$C$11*0.001+'Road summary'!E29*'Non-road summary'!$C$12*0.001 -> 1532.3595 | F50: =F7+F18*'Non-road summary'!$C$11*0.001+'Road summary'!F29*'Non-road summary'!$C$12*0.001 -> 1795.5202 | G50: =G7+G18*'Non-road summary'!$C$11*0.001+'Road summary'!G29*'Non-road summary'!$C$12*0.001 -> 1936.1605 | H50: =H7+H18*'Non-road summary'!$C$11*0.001+'Road summary'!H29*'Non-road summary'!$C$12*0.001 -> 2136.2418 | I50: =I7+I18*'Non-road summary'!$C$11*0.001+'Road summary'!I29*'Non-road summary'!$C$12*0.001 -> 2262.8645 | ... N50: =N7+N18*'Non-road summary'!$C$11*0.001+'Road summary'!N29*'Non-road summary'!$C$12*0.001 -> 2945.0577
A51: TRA_RD_WEAR | B51: =B8+B19*'Non-road summary'!$C$11*0.001+'Road summary'!B30*'Non-road summary'!$C$12*0.001 -> 13.198344 | C51: =C8+C19*'Non-road summary'!$C$11*0.001+'Road summary'!C30*'Non-road summary'!$C$12*0.001 -> 15.154386 | D51: =D8+D19*'Non-road summary'!$C$11*0.001+'Road summary'!D30*'Non-road summary'!$C$12*0.001 -> 17.88099 | E51: =E8+E19*'Non-road summary'!$C$11*0.001+'Road summary'!E30*'Non-road summary'!$C$12*0.001 -> 20.535148 | F51: =F8+F19*'Non-road summary'!$C$11*0.001+'Road summary'!F30*'Non-road summary'!$C$12*0.001 -> 24.954354 | G51: =G8+G19*'Non-road summary'!$C$11*0.001+'Road summary'!G30*'Non-road summary'!$C$12*0.001 -> 27.931226 | H51: =H8+H19*'Non-road summary'!$C$11*0.001+'Road summary'!H30*'Non-road summary'!$C$12*0.001 -> 29.748962 | I51: =I8+I19*'Non-road summary'!$C$11*0.001+'Road summary'!I30*'Non-road summary'!$C$12*0.001 -> 34.431608 | ... N51: =N8+N19*'Non-road summary'!$C$11*0.001+'Road summary'!N30*'Non-road summary'!$C$12*0.001 -> 50.791232
A52: TRA_RD_OTHER | B52: =B9+B20*'Non-road summary'!$C$11*0.001+'Road summary'!B31*'Non-road summary'!$C$12*0.001 -> 338.3175 | C52: =C9+C20*'Non-road summary'!$C$11*0.001+'Road summary'!C31*'Non-road summary'!$C$12*0.001 -> 369.38572 | D52: =D9+D20*'Non-road summary'!$C$11*0.001+'Road summary'!D31*'Non-road summary'!$C$12*0.001 -> 422.35734 | E52: =E9+E20*'Non-road summary'!$C$11*0.001+'Road summary'!E31*'Non-road summary'!$C$12*0.001 -> 481.59682 | F52: =F9+F20*'Non-road summary'!$C$11*0.001+'Road summary'!F31*'Non-road summary'!$C$12*0.001 -> 565.13352 | G52: =G9+G20*'Non-road summary'!$C$11*0.001+'Road summary'!G31*'Non-road summary'!$C$12*0.001 -> 710.4116 | H52: =H9+H20*'Non-road summary'!$C$11*0.001+'Road summary'!H31*'Non-road summary'!$C$12*0.001 -> 748.68487 | I52: =I9+I20*'Non-road summary'!$C$11*0.001+'Road summary'!I31*'Non-road summary'!$C$12*0.001 -> 798.36011 | ... N52: =N9+N20*'Non-road summary'!$C$11*0.001+'Road summary'!N31*'Non-road summary'!$C$12*0.001 -> 999.77427
A53: SUM | B53: =SUM(B47:B52) -> 3755.8115 | C53: =SUM(C47:C52) -> 4239.3718 | D53: =SUM(D47:D52) -> 4832.6639 | E53: =SUM(E47:E52) -> 5423.787 | F53: =SUM(F47:F52) -> 5878.9841 | G53: =SUM(G47:G52) -> 6419.3944 | H53: =SUM(H47:H52) -> 6612.7347 | I53: =SUM(I47:I52) -> 6884.1981 | ... N53: =SUM(N47:N52) -> 7425.0383
A55: Chart: CO2-equivalent emissions from road transport (Mt CO2e using GWP-20)
B56: 1990 | C56: 1995 | D56: 2000 | E56: 2005 | F56: 2010 | G56: 2015 | H56: 2020 | I56: 2025 | J56: 2030 | K56: 2035 | L56: 2040 | M56: 2045 | N56: 2050
A57: Passenger 2-wheelers | B57: =B37 -> 153.70945 | C57: =C37 -> 167.10214 | D57: =D37 -> 167.12138 | E57: =E37 -> 198.65404 | F57: =F37 -> 246.31909 | G57: =G37 -> 290.28886 | H57: =H37 -> 250.33334 | I57: =I37 -> 242.47169 | ... N57: =N37 -> 149.69563
A58: Light-duty diesel vehicles | B58: =B38 -> 598.28334 | C58: =C38 -> 824.55283 | D58: =D38 -> 970.34087 | E58: =E38 -> 1219.9529 | F58: =F38 -> 1137.4391 | G58: =G38 -> 1129.643 | H58: =H38 -> 942.7194 | I58: =I38 -> 902.34325 | ... N58: =N38 -> 589.67661
A59: Light-duty gasoline vehicles | B59: =B39 -> 2116.9537 | C59: =C39 -> 2308.9513 | D59: =D39 -> 2475.9151 | E59: =E39 -> 2586.3855 | F59: =F39 -> 2628.3804 | G59: =G39 -> 2779.0755 | H59: =H39 -> 2843.8218 | I59: =I39 -> 2935.1504 | ... N59: =N39 -> 2913.4712
A60: Heavy-duty vehicles | B60: =B40 -> 1608.2056 | C60: =C40 -> 1827.3525 | D60: =D40 -> 2175.9222 | E60: =E40 -> 2433.1752 | F60: =F40 -> 2788.8624 | G60: =G40 -> 2913.7179 | H60: =H40 -> 3028.0374 | I60: =I40 -> 3046.8752 | ... N60: =N40 -> 3716.3358
A61: Road wear | B61: =B41 -> 48.518844 | C61: =C41 -> 55.709511 | D61: =D41 -> 65.732865 | E61: =E41 -> 75.489898 | F61: =F41 -> 91.735479 | G61: =G41 -> 102.67885 | H61: =H41 -> 109.36109 | I61: =I41 -> 126.57511 | ... N61: =N41 -> 186.71523
A62: Other road transport | B62: =B42 -> 523.92879 | C62: =C42 -> 584.50261 | D62: =D42 -> 655.68634 | E62: =E42 -> 736.9096 | F62: =F42 -> 834.47186 | G62: =G42 -> 1005.8907 | H62: =H42 -> 956.13073 | I62: =I42 -> 1001.5751 | ... N62: =N42 -> 1224.3746
A63: SUM | B63: =SUM(B57:B62) -> 5049.5997 | C63: =SUM(C57:C62) -> 5768.1709 | D63: =SUM(D57:D62) -> 6510.7187 | E63: =SUM(E57:E62) -> 7250.5671 | F63: =SUM(F57:F62) -> 7727.2083 | G63: =SUM(G57:G62) -> 8221.2948 | H63: =SUM(H57:H62) -> 8130.4038 | I63: =SUM(I57:I62) -> 8254.9907 | ... N63: =SUM(N57:N62) -> 8780.2691

Sheet Road CO2
A1: CO2 emissions from road transport
A3: Pollutant: CO2
A4: Scenario: ECLIPSE_V6b_CLE_base
A5: Region: All EMF Regions
A6: UserID: jm110
A7: Unit: Mt CO2
A10: Region | B10: [kt/yr] | C10: 1990 | D10: 1995 | E10: 2000 | F10: 2005 | G10: 2010 | H10: 2015 | I10: 2020 | J10: 2025 | K10: 2030 | L10: 2035 | M10: 2040 | N10: 2045 | O10: 2050
A11: AFRI_EAST | B11: TRA_RD
A12: AFRI_EAST | B12: TRA_RD_P2W | C12: 0.45 | D12: 0.36 | E12: 0.29 | F12: 0.42 | G12: 0.96 | H12: 1.64 | I12: 0.89 | J12: 0.89 | K12: 0.9 | L12: 0.92 | M12: 0.96 | N12: 1.03 | O12: 1.08
A13: AFRI_EAST | B13: TRA_RD_LD
A14: AFRI_EAST | B14: TRA_RD_LDD | D14: 0.08 | E14: 1.34 | F14: 2.19 | G14: 2.13 | H14: 3 | I14: 3.76 | J14: 3.78 | K14: 3.85 | L14: 4.21 | M14: 5.03 | N14: 6.74 | O14: 9.4
A15: AFRI_EAST | B15: TRA_RD_LDG | C15: 2.55 | D15: 3.01 | E15: 4.18 | F15: 5.05 | G15: 7.31 | H15: 11.22 | I15: 13.79 | J15: 15.06 | K15: 16.67 | L15: 18.44 | M15: 20.87 | N15: 24.98 | O15: 31.42
A16: AFRI_EAST | B16: TRA_RD_HD | C16: 5.75 | D16: 5.68 | E16: 3.81 | F16: 5.9 | G16: 13.85 | H16: 17.18 | I16: 19.26 | J16: 21.96 | K16: 25.29 | L16: 28.91 | M16: 33.47 | N16: 36.32 | O16: 39.23
A17: AFRI_EAST | B17: TRA_RD_WEAR
A18: AFRI_EAST | B18: TRA_RD_OTHER | C18: 1.43 | D18: 1.32 | E18: 2.54 | F18: 3.68 | G18: 1.49 | H18: 2.6 | I18: 7.22 | J18: 8.88 | K18: 10.67 | L18: 12.41 | M18: 14.5 | N18: 16.74 | O18: 19.06
A19: AFRI_EAST | B19: SUM | C19: 10.18 | D19: 10.46 | E19: 12.16 | F19: 17.25 | G19: 25.74 | H19: 35.63 | I19: 44.93 | J19: 50.57 | K19: 57.39 | L19: 64.9 | M19: 74.83 | N19: 85.8 | O19: 100.19
A20: AFRI_NORT | B20: TRA_RD
A21: AFRI_NORT | B21: TRA_RD_P2W | C21: 2.49 | D21: 2.67 | E21: 1.74 | F21: 1.76 | G21: 1.82 | H21: 2.29 | I21: 0.56 | J21: 0.63 | K21: 0.63 | L21: 0.6 | M21: 0.55 | N21: 0.5 | O21: 0.44
A22: AFRI_NORT | B22: TRA_RD_LD
A23: AFRI_NORT | B23: TRA_RD_LDD | D23: 0.63 | E23: 1.31 | F23: 2.7 | G23: 14.14 | H23: 17.58 | I23: 22.9 | J23: 25.12 | K23: 24.86 | L23: 22.34 | M23: 21.18 | N23: 22.54 | O23: 23.61
A24: AFRI_NORT | B24: TRA_RD_LDG | C24: 16.07 | D24: 17.23 | E24: 20.03 | F24: 23.85 | G24: 36.7 | H24: 48.22 | I24: 36.84 | J24: 42.28 | K24: 45.77 | L24: 49.85 | M24: 51.84 | N24: 53.01 | O24: 52.35
A25: AFRI_NORT | B25: TRA_RD_HD | C25: 16.49 | D25: 21.72 | E25: 34.54 | F25: 40.26 | G25: 54.26 | H25: 59.96 | I25: 56.27 | J25: 58.63 | K25: 63.49 | L25: 65 | M25: 66.4 | N25: 67.11 | O25: 69.45
A26: AFRI_NORT | B26: TRA_RD_WEAR
A27: AFRI_NORT | B27: TRA_RD_OTHER | C27: 7.42 | D27: 9.23 | E27: 8.31 | F27: 12.32 | G27: 8.12 | H27: 10.85 | I27: 27.23 | J27: 37.75 | K27: 47.78 | L27: 48.65 | M27: 50.93 | N27: 53.57 | O27: 56.24
A28: AFRI_NORT | B28: SUM | C28: 42.47 | D28: 51.48 | E28: 65.94 | F28: 80.89 | G28: 115.05 | H28: 138.9 | I28: 143.8 | J28: 164.41 | K28: 182.53 | L28: 186.45 | M28: 190.91 | N28: 196.73 | O28: 202.09
A29: AFRI_WEST | B29: TRA_RD
A30: AFRI_WEST | B30: TRA_RD_P2W | C30: 2.2 | D30: 1.77 | E30: 1.4 | F30: 2.47 | G30: 5.44 | H30: 6.55 | I30: 3.56 | J30: 3.55 | K30: 3.61 | L30: 3.7 | M30: 3.85 | N30: 4.13 | O30: 4.34
A31: AFRI_WEST | B31: TRA_RD_LD
A32: AFRI_WEST | B32: TRA_RD_LDD | D32: 0.23 | E32: 3.94 | F32: 4.96 | G32: 2.04 | H32: 2.86 | I32: 3.65 | J32: 3.64 | K32: 3.67 | L32: 3.94 | M32: 4.62 | N32: 6.14 | O32: 8.5
A33: AFRI_WEST | B33: TRA_RD_LDG | C33: 13.51 | D33: 15.95 | E33: 22.12 | F33: 28.39 | G33: 33.96 | H33: 39.05 | I33: 48.5 | J33: 52.72 | K33: 58.11 | L33: 63.95 | M33: 72.06 | N33: 86.06 | O33: 108.1
A34: AFRI_WEST | B34: TRA_RD_HD | C34: 8.09 | D34: 7.99 | E34: 5.36 | F34: 6.66 | G34: 20.67 | H34: 24.55 | I34: 27.52 | J34: 31.39 | K34: 36.14 | L34: 41.32 | M34: 47.83 | N34: 51.91 | O34: 56.07
A35: AFRI_WEST | B35: TRA_RD_WEAR
A36: AFRI_WEST | B36: TRA_RD_OTHER | C36: 3.63 | D36: 3.36 | E36: 6.47 | F36: 7.09 | G36: 2.17 | H36: 3.71 | I36: 10.37 | J36: 12.84 | K36: 15.54 | L36: 18.21 | M36: 21.36 | N36: 24.8 | O36: 28.49
A37: AFRI_WEST | B37: SUM | C37: 27.44 | D37: 29.31 | E37: 39.29 | F37: 49.56 | G37: 64.28 | H37: 76.73 | I37: 93.6 | J37: 104.14 | K37: 117.08 | L37: 131.12 | M37: 149.72 | N37: 173.03 | O37: 205.5
A38: ASIA_STAN | B38: TRA_RD
A39: ASIA_STAN | B39: TRA_RD_P2W | C39: 0.55 | D39: 0.94 | E39: 0.45 | F39: 0.81 | G39: 0.01 | H39: 0.01 | I39: 0.04 | J39: 0.05 | K39: 0.05 | L39: 0.05 | M39: 0.04 | N39: 0.03 | O39: 0.01
A40: ASIA_STAN | B40: TRA_RD_LD
A41: ASIA_STAN | B41: TRA_RD_LDD | C41: 1.41 | D41: 0.98 | E41: 0.87 | F41: 0.96 | G41: 1.48 | H41: 0.39 | I41: 0.01 | J41: 0.02 | K41: 0.02 | L41: 0.03 | M41: 0.03 | N41: 0.03 | O41: 0.04
A42: ASIA_STAN | B42: TRA_RD_LDG | C42: 8.89 | D42: 4.41 | E42: 4.59 | F42: 5.16 | G42: 10.31 | H42: 12.88 | I42: 7.88 | J42: 8.86 | K42: 9.7 | L42: 10.76 | M42: 11.73 | N42: 12.35 | O42: 12.73
A43: ASIA_STAN | B43: TRA_RD_HD | C43: 2.05 | D43: 0.28 | E43: 0.13 | F43: 0.1 | G43: 0.59 | H43: 0.46 | I43: 0.19 | J43: 0.25 | K43: 0.31 | L43: 0.35 | M43: 0.39 | N43: 0.43 | O43: 0.48
A44: ASIA_STAN | B44: TRA_RD_WEAR
A45: ASIA_STAN | B45: TRA_RD_OTHER | C45: 5.02 | D45: 2 | E45: 2.72 | F45: 2.23 | G45: 1.41 | H45: 1.89 | I45: 3.13 | J45: 3.4 | K45: 3.64 | L45: 3.84 | M45: 3.93 | N45: 3.93 | O45: 3.97
A46: ASIA_STAN | B46: SUM | C46: 17.92 | D46: 8.61 | E46: 8.76 | F46: 9.26 | G46: 13.8 | H46: 15.64 | I46: 11.25 | J46: 12.57 | K46: 13.73 | L46: 15.03 | M46: 16.12 | N46: 16.77 | O46: 17.23
A47: BRAZ_WHOL | B47: TRA_RD
A48: BRAZ_WHOL | B48: TRA_RD_P2W | C48: 0.59 | D48: 0.75 | E48: 1.19 | F48: 2.28 | G48: 4.1 | H48: 5.63 | I48: 3.22 | J48: 2.94 | K48: 2.74 | L48: 2.17 | M48: 1.36 | N48: 0.86 | O48: 0.34
A49: BRAZ_WHOL | B49: TRA_RD_LD
A50: BRAZ_WHOL | B50: TRA_RD_LDD | C50: 8.22 | D50: 9.85 | E50: 13.46 | F50: 14.71 | G50: 11.51 | H50: 12.95 | I50: 6.99 | J50: 7.68 | K50: 8.53 | L50: 8.91 | M50: 8.53 | N50: 8.87 | O50: 8.62
A51: BRAZ_WHOL | B51: TRA_RD_LDG | C51: 22.65 | D51: 36.2 | E51: 38.83 | F51: 41.36 | G51: 40.02 | H51: 50.16 | I51: 56.55 | J51: 62.27 | K51: 66.54 | L51: 70.3 | M51: 73.45 | N51: 73.24 | O51: 69
A52: BRAZ_WHOL | B52: TRA_RD_HD | C52: 30.99 | D52: 35.87 | E52: 48.52 | F52: 54.8 | G52: 90.03 | H52: 103.61 | I52: 90.01 | J52: 94.03 | K52: 95.28 | L52: 99.49 | M52: 106.08 | N52: 109.83 | O52: 112.51
A53: BRAZ_WHOL | B53: TRA_RD_WEAR
A54: BRAZ_WHOL | B54: TRA_RD_OTHER | C54: 9.92 | D54: 13.65 | E54: 19.1 | F54: 22.95 | G54: 19.21 | H54: 19.67 | I54: 20.12 | J54: 19.94 | K54: 21.42 | L54: 21.6 | M54: 19.94 | N54: 18.43 | O54: 16.34
A55: BRAZ_WHOL | B55: SUM | C55: 72.36 | D55: 96.31 | E55: 121.09 | F55: 136.09 | G55: 164.87 | H55: 192.01 | I55: 176.89 | J55: 186.86 | K55: 194.51 | L55: 202.47 | M55: 209.35 | N55: 211.23 | O55: 206.82
A56: CANA_WHOL | B56: TRA_RD
A57: CANA_WHOL | B57: TRA_RD_P2W | C57: 0.15 | D57: 0.16 | E57: 0.17 | F57: 0.18 | G57: 0.66 | H57: 0.61 | I57: 0.85 | J57: 0.72 | K57: 0.58 | L57: 0.4 | M57: 0.28 | N57: 0.14 | O57: 0.05
A58: CANA_WHOL | B58: TRA_RD_LD
A59: CANA_WHOL | B59: TRA_RD_LDD | C59: 1.84 | D59: 2.49 | E59: 2.94 | F59: 3.61 | G59: 3.15 | H59: 4.36 | I59: 5.24 | J59: 4.9 | K59: 4.33 | L59: 3.74 | M59: 3.51 | N59: 3.19 | O59: 2.98
A60: CANA_WHOL | B60: TRA_RD_LDG | C60: 72.85 | D60: 75.23 | E60: 82.04 | F60: 81.41 | G60: 87.1 | H60: 87.8 | I60: 80.54 | J60: 72.51 | K60: 64.14 | L60: 55.25 | M60: 50.97 | N60: 48.53 | O60: 46.17
A61: CANA_WHOL | B61: TRA_RD_HD | C61: 13.7 | D61: 18.55 | E61: 21.92 | F61: 29.36 | G61: 39.78 | H61: 38.46 | I61: 33.98 | J61: 32.64 | K61: 30.93 | L61: 30.39 | M61: 32.02 | N61: 33.16 | O61: 34.43
A62: CANA_WHOL | B62: TRA_RD_WEAR
A63: CANA_WHOL | B63: TRA_RD_OTHER | C63: 7.33 | D63: 7.78 | E63: 7.37 | F63: 7.6 | G63: 9.43 | H63: 10.47 | I63: 20.57 | J63: 21.57 | K63: 21.22 | L63: 19.02 | M63: 16.89 | N63: 16.14 | O63: 15.49
A64: CANA_WHOL | B64: SUM | C64: 95.86 | D64: 104.2 | E64: 114.44 | F64: 122.15 | G64: 140.13 | H64: 141.7 | I64: 141.19 | J64: 132.34 | K64: 121.2 | L64: 108.8 | M64: 103.67 | N64: 101.17 | O64: 99.12
A65: CEAM_REST | B65: TRA_RD
A66: CEAM_REST | B66: TRA_RD_P2W | C66: 1.11 | D66: 1.24 | E66: 0.88 | F66: 0.94 | G66: 2.14 | H66: 2.81 | I66: 4.29 | J66: 4.7 | K66: 4.65 | L66: 4.56 | M66: 4.39 | N66: 4.21 | O66: 4.08
A67: CEAM_REST | B67: TRA_RD_LD
A68: CEAM_REST | B68: TRA_RD_LDD | D68: 0.19 | E68: 3.18 | F68: 4.13 | G68: 6.61 | H68: 7.21 | I68: 3.19 | J68: 3.19 | K68: 3.45 | L68: 3.85 | M68: 4.03 | N68: 3.95 | O68: 3.81
A69: CEAM_REST | B69: TRA_RD_LDG | C69: 9.98 | D69: 11.12 | E69: 16.74 | F69: 17.83 | G69: 17.65 | H69: 20.22 | I69: 17.04 | J69: 18.65 | K69: 19.76 | L69: 21.24 | M69: 22.75 | N69: 23.56 | O69: 23.73
A70: CEAM_REST | B70: TRA_RD_HD | C70: 4.46 | D70: 6.73 | E70: 6.37 | F70: 7.93 | G70: 9.43 | H70: 10.37 | I70: 11.38 | J70: 12.42 | K70: 13.66 | L70: 15.59 | M70: 17.01 | N70: 18.17 | O70: 19.33
A71: CEAM_REST | B71: TRA_RD_WEAR
A72: CEAM_REST | B72: TRA_RD_OTHER | C72: 2 | D72: 2.83 | E72: 3.71 | F72: 4.47 | G72: 2.25 | H72: 2.51 | I72: 6.84 | J72: 6.54 | K72: 6.12 | L72: 5.1 | M72: 5.25 | N72: 5.09 | O72: 4.85
A73: CEAM_REST | B73: SUM | C73: 17.55 | D73: 22.11 | E73: 30.89 | F73: 35.3 | G73: 38.08 | H73: 43.12 | I73: 42.74 | J73: 45.51 | K73: 47.62 | L73: 50.34 | M73: 53.44 | N73: 54.98 | O73: 55.81
A74: CENT_EURO | B74: TRA_RD
A75: CENT_EURO | B75: TRA_RD_P2W | C75: 0.86 | D75: 0.43 | E75: 1.08 | F75: 0.62 | G75: 0.66 | H75: 1.45 | I75: 1.24 | J75: 1.41 | K75: 1.34 | L75: 1.22 | M75: 1.1 | N75: 0.89 | O75: 0.7
A76: CENT_EURO | B76: TRA_RD_LD
A77: CENT_EURO | B77: TRA_RD_LDD | C77: 12.22 | D77: 11.2 | E77: 12.95 | F77: 21.73 | G77: 32.78 | H77: 42.78 | I77: 41.87 | J77: 43.76 | K77: 41.52 | L77: 36.6 | M77: 32.13 | N77: 28.69 | O77: 25.19
A78: CENT_EURO | B78: TRA_RD_LDG | C78: 37.06 | D78: 37.23 | E78: 42.32 | F78: 43.23 | G78: 38.94 | H78: 33.41 | I78: 32.23 | J78: 30.26 | K78: 26.31 | L78: 23.25 | M78: 20.37 | N78: 17.74 | O78: 16.05
A79: CENT_EURO | B79: TRA_RD_HD | C79: 15.3 | D79: 14.11 | E79: 20.42 | F79: 37.78 | G79: 48.49 | H79: 44.3 | I79: 66.94 | J79: 68.57 | K79: 69.05 | L79: 65.97 | M79: 66.55 | N79: 68.45 | O79: 69.83
A80: CENT_EURO | B80: TRA_RD_WEAR
A81: CENT_EURO | B81: TRA_RD_OTHER | C81: 6.32 | D81: 4.79 | E81: 7.6 | F81: 15.09 | G81: 17.29 | H81: 18.47 | I81: 17.52 | J81: 17.3 | K81: 15.84 | L81: 13.51 | M81: 12.46 | N81: 12.15 | O81: 12.15
A82: CENT_EURO | B82: SUM | C82: 71.77 | D82: 67.76 | E82: 84.36 | F82: 118.45 | G82: 138.17 | H82: 140.4 | I82: 159.8 | J82: 161.3 | K82: 154.06 | L82: 140.56 | M82: 132.61 | N82: 127.92 | O82: 123.92
A83: CHIN_PLUS | B83: TRA_RD
A84: CHIN_PLUS | B84: TRA_RD_P2W | C84: 13.17 | D84: 19.43 | E84: 24.26 | F84: 32.21 | G84: 35.09 | H84: 49.79 | I84: 54.27 | J84: 45.19 | K84: 36.25 | L84: 30.25 | M84: 24.59 | N84: 19.71 | O84: 13.52
A85: CHIN_PLUS | B85: TRA_RD_LD
A86: CHIN_PLUS | B86: TRA_RD_LDD | C86: 4.89 | D86: 7.25 | E86: 28.53 | F86: 52.74 | G86: 7.64 | H86: 10.77 | I86: 32.99 | J86: 40.01 | K86: 46.64 | L86: 42.57 | M86: 41.87 | N86: 41.76 | O86: 41.49
A87: CHIN_PLUS | B87: TRA_RD_LDG | C87: 48.34 | D87: 75.06 | E87: 91.76 | F87: 123.17 | G87: 170.72 | H87: 271.24 | I87: 387.18 | J87: 481.69 | K87: 531.89 | L87: 498.92 | M87: 473.35 | N87: 438.44 | O87: 402.42
A88: CHIN_PLUS | B88: TRA_RD_HD | C88: 11.33 | D88: 17.09 | E88: 57.99 | F88: 103.29 | G88: 208.31 | H88: 260.23 | I88: 247.19 | J88: 280.52 | K88: 304.73 | L88: 350.68 | M88: 405.07 | N88: 446.69 | O88: 483.49
A89: CHIN_PLUS | B89: TRA_RD_WEAR
A90: CHIN_PLUS | B90: TRA_RD_OTHER | C90: 7.76 | D90: 12.05 | E90: 24.09 | F90: 41.88 | G90: 76.33 | H90: 129.1 | I90: 140.89 | J90: 164.71 | K90: 180.46 | L90: 183.9 | M90: 185.46 | N90: 181.96 | O90: 173.29
A91: CHIN_PLUS | B91: SUM | C91: 85.49 | D91: 130.88 | E91: 226.62 | F91: 353.29 | G91: 498.09 | H91: 721.13 | I91: 862.51 | J91: 1012.12 | K91: 1099.97 | L91: 1106.32 | M91: 1130.34 | N91: 1128.56 | O91: 1114.21
A92: INDI_WHOL | B92: TRA_RD
A93: INDI_WHOL | B93: TRA_RD_P2W | C93: 7.41 | D93: 8.34 | E93: 9.85 | F93: 9.53 | G93: 26.67 | H93: 42.78 | I93: 43.62 | J93: 45.7 | K93: 44.72 | L93: 43.05 | M93: 37.11 | N93: 27.92 | O93: 21.78
A94: INDI_WHOL | B94: TRA_RD_LD
A95: INDI_WHOL | B95: TRA_RD_LDD | D95: 1.68 | E95: 3.24 | F95: 7.27 | G95: 15.28 | H95: 20.22 | I95: 25.96 | J95: 33.62 | K95: 37.1 | L95: 36.83 | M95: 31.36 | N95: 25.25 | O95: 22.09
A96: INDI_WHOL | B96: TRA_RD_LDG | C96: 3.49 | D96: 6.04 | E96: 10.67 | F96: 17.33 | G96: 16.71 | H96: 24.46 | I96: 42.06 | J96: 74.9 | K96: 115.67 | L96: 158 | M96: 191.58 | N96: 208.58 | O96: 210.91
A97: INDI_WHOL | B97: TRA_RD_HD | C97: 34.19 | D97: 52.4 | E97: 41.63 | F97: 46.68 | G97: 57.58 | H97: 63.96 | I97: 126.06 | J97: 172.63 | K97: 207.41 | L97: 252.36 | M97: 289.86 | N97: 320.76 | O97: 341.54
A98: INDI_WHOL | B98: TRA_RD_WEAR
A99: INDI_WHOL | B99: TRA_RD_OTHER | C99: 17.03 | D99: 24.42 | E99: 17.12 | F99: 17.17 | G99: 48.15 | H99: 68.11 | I99: 36.1 | J99: 35.5 | K99: 36.33 | L99: 47.3 | M99: 60.69 | N99: 75.3 | O99: 92.16
A100: INDI_WHOL | B100: SUM | C100: 62.11 | D100: 92.89 | E100: 82.51 | F100: 97.99 | G100: 164.39 | H100: 219.52 | I100: 273.8 | J100: 362.36 | K100: 441.23 | L100: 537.54 | M100: 610.6 | N100: 657.8 | O100: 688.48
A101: INDO_PLUS | B101: TRA_RD
A102: INDO_PLUS | B102: TRA_RD_P2W | C102: 3.94 | D102: 6.38 | E102: 8.67 | F102: 20.57 | G102: 29.36 | H102: 39.96 | I102: 27.13 | J102: 27.82 | K102: 28.26 | L102: 28.55 | M102: 27.42 | N102: 25.1 | O102: 22.44
A103: INDO_PLUS | B103: TRA_RD_LD
...

Sheet Road BC
A1: PM PM_BC emissions from road transport
A3: Pollutant: PM (PM Fraction: PM_BC)
A4: Scenario: ECLIPSE_V6b_CLE_base
A5: Region: All EMF Regions
A6: UserID: jm110
A7: Unit: kt PM
A10: Region | B10: [kt/yr] | C10: 1990 | D10: 1995 | E10: 2000 | F10: 2005 | G10: 2010 | H10: 2015 | I10: 2020 | J10: 2025 | K10: 2030 | L10: 2035 | M10: 2040 | N10: 2045 | O10: 2050
A11: AFRI_EAST | B11: TRA_RD
A12: AFRI_EAST | B12: TRA_RD_P2W | C12: 0.36 | D12: 0.24 | E12: 0.16 | F12: 0.18 | G12: 0.19 | H12: 0.22 | I12: 0.12 | J12: 0.12 | K12: 0.12 | L12: 0.13 | M12: 0.13 | N12: 0.14 | O12: 0.15
A13: AFRI_EAST | B13: TRA_RD_LD
A14: AFRI_EAST | B14: TRA_RD_LDD | D14: 0.06 | E14: 1.07 | F14: 1.76 | G14: 1.8 | H14: 2.52 | I14: 3.1 | J14: 3.14 | K14: 3.25 | L14: 3.63 | M14: 4.42 | N14: 5.99 | O14: 8.41
A15: AFRI_EAST | B15: TRA_RD_LDG | C15: 0.04 | D15: 0.04 | E15: 0.06 | F15: 0.07 | G15: 0.1 | H15: 0.16 | I15: 0.19 | J15: 0.2 | K15: 0.22 | L15: 0.24 | M15: 0.28 | N15: 0.33 | O15: 0.42
A16: AFRI_EAST | B16: TRA_RD_HD | C16: 4.18 | D16: 4.13 | E16: 2.77 | F16: 4.28 | G16: 10.06 | H16: 12.49 | I16: 14.01 | J16: 16 | K16: 18.44 | L16: 21.08 | M16: 24.4 | N16: 26.48 | O16: 28.6
A17: AFRI_EAST | B17: TRA_RD_WEAR | C17: 0.1 | D17: 0.1 | E17: 0.1 | F17: 0.15 | G17: 0.34 | H17: 0.3 | I17: 0.46 | J17: 0.51 | K17: 0.58 | L17: 0.66 | M17: 0.74 | N17: 0.84 | O17: 0.98
A18: AFRI_EAST | B18: TRA_RD_OTHER | C18: 1.04 | D18: 0.96 | E18: 1.85 | F18: 2.67 | G18: 1.08 | H18: 1.89 | I18: 5.26 | J18: 6.47 | K18: 7.78 | L18: 9.05 | M18: 10.57 | N18: 12.2 | O18: 13.89
A19: AFRI_EAST | B19: SUM | C19: 5.7 | D19: 5.53 | E19: 6 | F19: 9.11 | G19: 13.57 | H19: 17.58 | I19: 23.14 | J19: 26.45 | K19: 30.4 | L19: 34.79 | M19: 40.54 | N19: 45.98 | O19: 52.46
A20: AFRI_NORT | B20: TRA_RD
A21: AFRI_NORT | B21: TRA_RD_P2W | C21: 1.69 | D21: 1.59 | E21: 0.86 | F21: 0.58 | G21: 0.26 | H21: 0.19 | I21: 0.03 | J21: 0.02 | K21: 0.02 | L21: 0.01 | M21: 0.01 | N21: 0.01 | O21: 0.01
A22: AFRI_NORT | B22: TRA_RD_LD
A23: AFRI_NORT | B23: TRA_RD_LDD | D23: 0.49 | E23: 1.06 | F23: 2.2 | G23: 11.88 | H23: 15.01 | I23: 19.52 | J23: 21.51 | K23: 21.38 | L23: 19.4 | M23: 18.54 | N23: 19.77 | O23: 20.73
A24: AFRI_NORT | B24: TRA_RD_LDG | C24: 0.23 | D24: 0.25 | E24: 0.29 | F24: 0.33 | G24: 0.52 | H24: 0.69 | I24: 0.53 | J24: 0.6 | K24: 0.64 | L24: 0.7 | M24: 0.72 | N24: 0.74 | O24: 0.73
A25: AFRI_NORT | B25: TRA_RD_HD | C25: 11.97 | D25: 15.77 | E25: 25.08 | F25: 29.23 | G25: 39.96 | H25: 45.13 | I25: 43.11 | J25: 44.89 | K25: 48.59 | L25: 49.74 | M25: 50.81 | N25: 51.35 | O25: 53.15
A26: AFRI_NORT | B26: TRA_RD_WEAR | C26: 0.38 | D26: 0.47 | E26: 0.61 | F26: 0.74 | G26: 1.06 | H26: 1.18 | I26: 2.01 | J26: 2.26 | K26: 2.51 | L26: 2.64 | M26: 2.75 | N26: 2.92 | O26: 3.11
A27: AFRI_NORT | B27: TRA_RD_OTHER | C27: 5.35 | D27: 6.59 | E27: 5.72 | F27: 7.72 | G27: 4.51 | H27: 6.84 | I27: 8.4 | J27: 14.56 | K27: 20.2 | L27: 20.77 | M27: 21.57 | N27: 22.62 | O27: 23.68
A28: AFRI_NORT | B28: SUM | C28: 19.62 | D28: 25.15 | E28: 33.62 | F28: 40.81 | G28: 58.2 | H28: 69.03 | I28: 73.61 | J28: 83.85 | K28: 93.33 | L28: 93.26 | M28: 94.41 | N28: 97.41 | O28: 101.42
A29: AFRI_WEST | B29: TRA_RD
A30: AFRI_WEST | B30: TRA_RD_P2W | C30: 1.73 | D30: 1.18 | E30: 0.78 | F30: 1.05 | G30: 1.09 | H30: 0.92 | I30: 0.5 | J30: 0.5 | K30: 0.51 | L30: 0.52 | M30: 0.54 | N30: 0.58 | O30: 0.61
A31: AFRI_WEST | B31: TRA_RD_LD
A32: AFRI_WEST | B32: TRA_RD_LDD | D32: 0.18 | E32: 3.13 | F32: 3.95 | G32: 1.7 | H32: 2.39 | I32: 3 | J32: 3.02 | K32: 3.08 | L32: 3.38 | M32: 4.05 | N32: 5.43 | O32: 7.59
A33: AFRI_WEST | B33: TRA_RD_LDG | C33: 0.2 | D33: 0.23 | E33: 0.31 | F33: 0.4 | G33: 0.48 | H33: 0.54 | I33: 0.66 | J33: 0.71 | K33: 0.77 | L33: 0.85 | M33: 0.96 | N33: 1.14 | O33: 1.44
A34: AFRI_WEST | B34: TRA_RD_HD | C34: 5.87 | D34: 5.8 | E34: 3.89 | F34: 4.83 | G34: 15.01 | H34: 17.85 | I34: 20.03 | J34: 22.87 | K34: 26.35 | L34: 30.12 | M34: 34.87 | N34: 37.85 | O34: 40.88
A35: AFRI_WEST | B35: TRA_RD_WEAR | C35: 0.21 | D35: 0.22 | E35: 0.27 | F35: 0.33 | G35: 0.72 | H35: 0.56 | I35: 0.83 | J35: 0.93 | K35: 1.06 | L35: 1.2 | M35: 1.37 | N35: 1.6 | O35: 1.92
A36: AFRI_WEST | B36: TRA_RD_OTHER | C36: 2.64 | D36: 2.44 | E36: 4.7 | F36: 5.14 | G36: 1.57 | H36: 2.69 | I36: 7.5 | J36: 9.24 | K36: 11.11 | L36: 12.92 | M36: 15.09 | N36: 17.43 | O36: 19.84
A37: AFRI_WEST | B37: SUM | C37: 10.65 | D37: 10.05 | E37: 13.09 | F37: 15.71 | G37: 20.58 | H37: 24.96 | I37: 32.53 | J37: 37.26 | K37: 42.89 | L37: 49.01 | M37: 56.89 | N37: 64.03 | O37: 72.29
A38: ASIA_STAN | B38: TRA_RD
A39: ASIA_STAN | B39: TRA_RD_P2W | C39: 0.3 | D39: 0.43 | E39: 0.17 | F39: 0.19 | G39: 0 | H39: 0 | I39: 0 | J39: 0 | K39: 0 | L39: 0 | M39: 0 | N39: 0 | O39: 0
A40: ASIA_STAN | B40: TRA_RD_LD
A41: ASIA_STAN | B41: TRA_RD_LDD | C41: 1.28 | D41: 0.89 | E41: 0.79 | F41: 0.87 | G41: 1.35 | H41: 0.35 | I41: 0.01 | J41: 0.01 | K41: 0.02 | L41: 0.03 | M41: 0.03 | N41: 0.03 | O41: 0.03
A42: ASIA_STAN | B42: TRA_RD_LDG | C42: 0.13 | D42: 0.06 | E42: 0.07 | F42: 0.07 | G42: 0.15 | H42: 0.17 | I42: 0.1 | J42: 0.1 | K42: 0.1 | L42: 0.1 | M42: 0.11 | N42: 0.11 | O42: 0.11
A43: ASIA_STAN | B43: TRA_RD_HD | C43: 1.49 | D43: 0.21 | E43: 0.09 | F43: 0.08 | G43: 0.43 | H43: 0.34 | I43: 0.14 | J43: 0.18 | K43: 0.22 | L43: 0.25 | M43: 0.28 | N43: 0.32 | O43: 0.35
A44: ASIA_STAN | B44: TRA_RD_WEAR | C44: 0.14 | D44: 0.06 | E44: 0.07 | F44: 0.07 | G44: 0.1 | H44: 0.1 | I44: 0.14 | J44: 0.16 | K44: 0.19 | L44: 0.21 | M44: 0.22 | N44: 0.24 | O44: 0.25
A45: ASIA_STAN | B45: TRA_RD_OTHER | C45: 0.91 | D45: 0.2 | E45: 0.29 | F45: 0.22 | G45: 0.1 | H45: 0.12 | I45: 0.18 | J45: 0.2 | K45: 0.21 | L45: 0.22 | M45: 0.22 | N45: 0.21 | O45: 0.21
A46: ASIA_STAN | B46: SUM | C46: 4.25 | D46: 1.85 | E46: 1.48 | F46: 1.5 | G46: 2.12 | H46: 1.09 | I46: 0.57 | J46: 0.66 | K46: 0.74 | L46: 0.81 | M46: 0.87 | N46: 0.91 | O46: 0.96
A47: BRAZ_WHOL | B47: TRA_RD
A48: BRAZ_WHOL | B48: TRA_RD_P2W | C48: 0.21 | D48: 0.19 | E48: 0.21 | F48: 0.31 | G48: 0.46 | H48: 0.43 | I48: 0.13 | J48: 0.04 | K48: 0.04 | L48: 0.03 | M48: 0.02 | N48: 0.01 | O48: 0
A49: BRAZ_WHOL | B49: TRA_RD_LD
A50: BRAZ_WHOL | B50: TRA_RD_LDD | C50: 6.44 | D50: 7.72 | E50: 10.52 | F50: 11.11 | G50: 6.78 | H50: 4.71 | I50: 1.32 | J50: 0.73 | K50: 0.38 | L50: 0.12 | M50: 0.06 | N50: 0.04 | O50: 0.03
A51: BRAZ_WHOL | B51: TRA_RD_LDG | C51: 0.57 | D51: 0.78 | E51: 0.68 | F51: 0.68 | G51: 0.6 | H51: 0.68 | I51: 0.83 | J51: 0.92 | K51: 0.97 | L51: 1.02 | M51: 1.06 | N51: 1.06 | O51: 1
A52: BRAZ_WHOL | B52: TRA_RD_HD | C52: 22.5 | D52: 26.05 | E52: 34.6 | F52: 33.04 | G52: 46.53 | H52: 36.66 | I52: 21.54 | J52: 16.27 | K52: 12.58 | L52: 10.71 | M52: 10.06 | N52: 9.66 | O52: 9.49
A53: BRAZ_WHOL | B53: TRA_RD_WEAR | C53: 0.62 | D53: 0.79 | E53: 0.95 | F53: 1.05 | G53: 2.33 | H53: 1.66 | I53: 1.24 | J53: 1.43 | K53: 1.61 | L53: 1.73 | M53: 1.78 | N53: 1.83 | O53: 1.86
A54: BRAZ_WHOL | B54: TRA_RD_OTHER | C54: 7.2 | D54: 9.84 | E54: 13.15 | F54: 11.28 | G54: 7.5 | H54: 4.81 | I54: 1.6 | J54: 1.22 | K54: 1.03 | L54: 0.88 | M54: 0.76 | N54: 0.64 | O54: 0.52
A55: BRAZ_WHOL | B55: SUM | C55: 37.55 | D55: 45.36 | E55: 60.1 | F55: 57.48 | G55: 64.19 | H55: 48.94 | I55: 26.67 | J55: 20.59 | K55: 16.59 | L55: 14.49 | M55: 13.74 | N55: 13.24 | O55: 12.89
A56: CANA_WHOL | B56: TRA_RD
A57: CANA_WHOL | B57: TRA_RD_P2W | C57: 0 | D57: 0 | E57: 0 | F57: 0 | G57: 0.01 | H57: 0.01 | I57: 0.01 | J57: 0.01 | K57: 0 | L57: 0 | M57: 0 | N57: 0 | O57: 0
A58: CANA_WHOL | B58: TRA_RD_LD
A59: CANA_WHOL | B59: TRA_RD_LDD | C59: 1.44 | D59: 1.84 | E59: 1.33 | F59: 1.1 | G59: 0.7 | H59: 0.73 | I59: 0.59 | J59: 0.28 | K59: 0.01 | L59: 0.01 | M59: 0.01 | N59: 0.01 | O59: 0.01
A60: CANA_WHOL | B60: TRA_RD_LDG | C60: 1.1 | D60: 1.11 | E60: 1.18 | F60: 1.09 | G60: 0.99 | H60: 0.92 | I60: 0.77 | J60: 0.62 | K60: 0.49 | L60: 0.42 | M60: 0.39 | N60: 0.37 | O60: 0.35
A61: CANA_WHOL | B61: TRA_RD_HD | C61: 5.05 | D61: 6.82 | E61: 6.79 | F61: 6.72 | G61: 4.27 | H61: 3.1 | I61: 1.83 | J61: 0.89 | K61: 0.01 | L61: 0.01 | M61: 0.01 | N61: 0.01 | O61: 0.01
A62: CANA_WHOL | B62: TRA_RD_WEAR | C62: 0.55 | D62: 0.61 | E62: 0.68 | F62: 0.74 | G62: 0.86 | H62: 0.94 | I62: 1.05 | J62: 1.06 | K62: 1.1 | L62: 1.13 | M62: 1.14 | N62: 1.15 | O62: 1.15
A63: CANA_WHOL | B63: TRA_RD_OTHER | C63: 0.71 | D63: 0.88 | E63: 0.89 | F63: 0.74 | G63: 0.62 | H63: 0.59 | I63: 0.88 | J63: 0.77 | K63: 0.61 | L63: 0.55 | M63: 0.48 | N63: 0.46 | O63: 0.44
A64: CANA_WHOL | B64: SUM | C64: 8.84 | D64: 11.26 | E64: 10.87 | F64: 10.4 | G64: 7.46 | H64: 6.29 | I64: 5.13 | J64: 3.63 | K64: 2.23 | L64: 2.12 | M64: 2.03 | N64: 2 | O64: 1.97
A65: CEAM_REST | B65: TRA_RD
A66: CEAM_REST | B66: TRA_RD_P2W | C66: 0.57 | D66: 0.55 | E66: 0.33 | F66: 0.27 | G66: 0.3 | H66: 0.04 | I66: 0.05 | J66: 0.04 | K66: 0.04 | L66: 0.04 | M66: 0.03 | N66: 0.03 | O66: 0.03
A67: CEAM_REST | B67: TRA_RD_LD
A68: CEAM_REST | B68: TRA_RD_LDD | D68: 0.15 | E68: 2.5 | F68: 3.24 | G68: 5.31 | H68: 5.86 | I68: 2.6 | J68: 2.6 | K68: 2.81 | L68: 3.13 | M68: 3.28 | N68: 3.21 | O68: 3.1
A69: CEAM_REST | B69: TRA_RD_LDG | C69: 0.15 | D69: 0.17 | E69: 0.26 | F69: 0.27 | G69: 0.27 | H69: 0.31 | I69: 0.26 | J69: 0.27 | K69: 0.29 | L69: 0.31 | M69: 0.33 | N69: 0.35 | O69: 0.35
A70: CEAM_REST | B70: TRA_RD_HD | C70: 3.26 | D70: 4.9 | E70: 4.64 | F70: 5.76 | G70: 6.99 | H70: 7.78 | I70: 8.53 | J70: 9.3 | K70: 10.2 | L70: 11.65 | M70: 12.7 | N70: 13.57 | O70: 14.44
A71: CEAM_REST | B71: TRA_RD_WEAR | C71: 0.13 | D71: 0.17 | E71: 0.21 | F71: 0.25 | G71: 0.3 | H71: 0.29 | I71: 0.39 | J71: 0.44 | K71: 0.49 | L71: 0.51 | M71: 0.55 | N71: 0.56 | O71: 0.58
A72: CEAM_REST | B72: TRA_RD_OTHER | C72: 1.46 | D72: 2.06 | E72: 2.71 | F72: 3.24 | G72: 1.65 | H72: 1.85 | I72: 2.86 | J72: 2.65 | K72: 2.23 | L72: 1.98 | M72: 1.91 | N72: 1.8 | O72: 1.63
A73: CEAM_REST | B73: SUM | C73: 5.58 | D73: 8.01 | E73: 10.65 | F73: 13.03 | G73: 14.81 | H73: 16.13 | I73: 14.68 | J73: 15.3 | K73: 16.05 | L73: 17.61 | M73: 18.81 | N73: 19.52 | O73: 20.12
A74: CENT_EURO | B74: TRA_RD
A75: CENT_EURO | B75: TRA_RD_P2W | C75: 0.11 | D75: 0.05 | E75: 0.09 | F75: 0.04 | G75: 0.04 | H75: 0.06 | I75: 0.04 | J75: 0.04 | K75: 0.03 | L75: 0.03 | M75: 0.02 | N75: 0.02 | O75: 0.01
A76: CENT_EURO | B76: TRA_RD_LD
A77: CENT_EURO | B77: TRA_RD_LDD | C77: 9.25 | D77: 8.42 | E77: 8.39 | F77: 8.36 | G77: 9.58 | H77: 8.46 | I77: 3.66 | J77: 2.32 | K77: 1.19 | L77: 0.53 | M77: 0.24 | N77: 0.15 | O77: 0.11
A78: CENT_EURO | B78: TRA_RD_LDG | C78: 0.28 | D78: 0.29 | E78: 0.38 | F78: 0.38 | G78: 0.26 | H78: 0.16 | I78: 0.12 | J78: 0.09 | K78: 0.07 | L78: 0.06 | M78: 0.05 | N78: 0.04 | O78: 0.04
A79: CENT_EURO | B79: TRA_RD_HD | C79: 6.9 | D79: 6.35 | E79: 8.24 | F79: 12.23 | G79: 10.17 | H79: 6.26 | I79: 6.05 | J79: 3.66 | K79: 1.82 | L79: 0.99 | M79: 0.34 | N79: 0.19 | O79: 0.12
A80: CENT_EURO | B80: TRA_RD_WEAR | C80: 0.53 | D80: 0.51 | E80: 0.61 | F80: 0.85 | G80: 1.11 | H80: 1.19 | I80: 0.87 | J80: 1.01 | K80: 1.08 | L80: 1.12 | M80: 1.15 | N80: 1.18 | O80: 1.2
A81: CENT_EURO | B81: TRA_RD_OTHER | C81: 1.45 | D81: 1.19 | E81: 2.06 | F81: 2.71 | G81: 2.34 | H81: 1.4 | I81: 0.59 | J81: 0.3 | K81: 0.15 | L81: 0.07 | M81: 0.04 | N81: 0.03 | O81: 0.03
A82: CENT_EURO | B82: SUM | C82: 18.52 | D82: 16.8 | E82: 19.77 | F82: 24.57 | G82: 23.5 | H82: 17.53 | I82: 11.33 | J82: 7.42 | K82: 4.34 | L82: 2.8 | M82: 1.85 | N82: 1.61 | O82: 1.5
A83: CHIN_PLUS | B83: TRA_RD
A84: CHIN_PLUS | B84: TRA_RD_P2W | C84: 1.93 | D84: 2.9 | E84: 3.41 | F84: 3.81 | G84: 1.62 | H84: 0.7 | I84: 0.64 | J84: 0.53 | K84: 0.42 | L84: 0.35 | M84: 0.29 | N84: 0.23 | O84: 0.16
A85: CHIN_PLUS | B85: TRA_RD_LD
A86: CHIN_PLUS | B86: TRA_RD_LDD | C86: 4.26 | D86: 6.27 | E86: 25.44 | F86: 46.94 | G86: 4.26 | H86: 4.86 | I86: 4.58 | J86: 3.94 | K86: 1.35 | L86: 0.9 | M86: 0.89 | N86: 0.89 | O86: 0.9
A87: CHIN_PLUS | B87: TRA_RD_LDG | C87: 0.7 | D87: 1.08 | E87: 1.31 | F87: 1.69 | G87: 2.14 | H87: 2.9 | I87: 3.43 | J87: 3.7 | K87: 3.82 | L87: 3.54 | M87: 3.34 | N87: 3.1 | O87: 2.85
A88: CHIN_PLUS | B88: TRA_RD_HD | C88: 6.87 | D88: 10.6 | E88: 39.95 | F88: 70.11 | G88: 126.37 | H88: 124.78 | I88: 72.82 | J88: 31.74 | K88: 16.71 | L88: 8.15 | M88: 3.25 | N88: 1.17 | O88: 1.25
A89: CHIN_PLUS | B89: TRA_RD_WEAR | C89: 0.56 | D89: 0.87 | E89: 1.65 | F89: 2.64 | G89: 4.11 | H89: 7.4 | I89: 7.37 | J89: 9.35 | K89: 11.36 | L89: 13.35 | M89: 15.07 | N89: 15.94 | O89: 16.55
A90: CHIN_PLUS | B90: TRA_RD_OTHER | C90: 2.28 | D90: 3.5 | E90: 10.21 | F90: 16.74 | G90: 23.67 | H90: 27.74 | I90: 15.42 | J90: 12.53 | K90: 9.1 | L90: 6.19 | M90: 4.83 | N90: 3.94 | O90: 3.47
A91: CHIN_PLUS | B91: SUM | C91: 16.59 | D91: 25.22 | E91: 82 | F91: 141.93 | G91: 162.18 | H91: 168.37 | I91: 104.27 | J91: 61.78 | K91: 42.77 | L91: 32.48 | M91: 27.66 | N91: 25.26 | O91: 25.18
A92: INDI_WHOL | B92: TRA_RD
